path,true,pred,correct,target_prob,cam_energy_off_leaf_frac,leaf_area_frac,deletion_auc,insertion_auc
plantvillage/PV_root/Plant_leave_diseases_dataset_without_augmentation/Apple___Apple_scab/image (415).JPG,Apple___Apple_scab,Apple___Apple_scab,1,0.9681282639503479,1.0,0.5579071044921875,0.8363933563232422,0.503235936164856
plantvillage/PV_root/Plant_leave_diseases_dataset_without_augmentation/Apple___Apple_scab/image (619).JPG,Apple___Apple_scab,Apple___Apple_scab,1,0.9688423275947571,0.025408506393432617,0.9304962158203125,0.512823224067688,0.621292233467102
plantvillage/PV_root/Plant_leave_diseases_dataset_without_augmentation/Apple___Apple_scab/image (555).JPG,Apple___Apple_scab,Apple___Apple_scab,1,0.9679151773452759,0.19524461030960083,0.7498016357421875,0.8003905415534973,0.43823477625846863
plantvillage/PV_root/Plant_leave_diseases_dataset_without_augmentation/Apple___Apple_scab/image (586).JPG,Apple___Apple_scab,Apple___Apple_scab,1,0.9684386849403381,0.17745977640151978,0.73052978515625,0.9525524377822876,0.9666058421134949
plantvillage/PV_root/Plant_leave_diseases_dataset_without_augmentation/Apple___Apple_scab/image (406).JPG,Apple___Apple_scab,Apple___Apple_scab,1,0.9678719639778137,0.443845272064209,0.6948394775390625,0.8600776195526123,0.6692577004432678
plantvillage/PV_root/Plant_leave_diseases_dataset_without_augmentation/Apple___Apple_scab/image (29).JPG,Apple___Apple_scab,Apple___Apple_scab,1,0.9694870710372925,0.12082421779632568,0.699310302734375,0.6758435964584351,0.8038689494132996
plantvillage/PV_root/Plant_leave_diseases_dataset_without_augmentation/Apple___Apple_scab/image (588).JPG,Apple___Apple_scab,Apple___Apple_scab,1,0.9686325788497925,0.14868265390396118,0.6839599609375,0.8619305491447449,0.8732190728187561
plantvillage/PV_root/Plant_leave_diseases_dataset_without_augmentation/Apple___Apple_scab/image (112).JPG,Apple___Apple_scab,Apple___Apple_scab,1,0.9685044288635254,0.1482880711555481,0.8037872314453125,0.9191802144050598,0.8017052412033081
plantvillage/PV_root/Plant_leave_diseases_dataset_without_augmentation/Apple___Apple_scab/image (239).JPG,Apple___Apple_scab,Apple___Apple_scab,1,0.9683991074562073,0.08127844333648682,0.622528076171875,0.4894820749759674,0.7220925092697144
plantvillage/PV_root/Plant_leave_diseases_dataset_without_augmentation/Apple___Apple_scab/image (496).JPG,Apple___Apple_scab,Apple___Apple_scab,1,0.967356264591217,0.05767714977264404,0.70367431640625,0.43322110176086426,0.631064772605896
plantvillage/PV_root/Plant_leave_diseases_dataset_without_augmentation/Apple___Black_rot/image (31).JPG,Apple___Black_rot,Apple___Black_rot,1,0.968076229095459,0.43405789136886597,0.5614166259765625,0.502930760383606,0.7173182368278503
plantvillage/PV_root/Plant_leave_diseases_dataset_without_augmentation/Apple___Black_rot/image (489).JPG,Apple___Black_rot,Apple___Black_rot,1,0.9686746597290039,0.6537848711013794,0.6006317138671875,0.7876004576683044,0.5304142236709595
plantvillage/PV_root/Plant_leave_diseases_dataset_without_augmentation/Apple___Black_rot/image (230).JPG,Apple___Black_rot,Apple___Black_rot,1,0.967635452747345,0.4488068222999573,0.6889495849609375,0.8443031311035156,0.9112040400505066
plantvillage/PV_root/Plant_leave_diseases_dataset_without_augmentation/Apple___Black_rot/image (72).JPG,Apple___Black_rot,Apple___Black_rot,1,0.9680420160293579,0.598803699016571,0.559967041015625,0.8028443455696106,0.8067034482955933
plantvillage/PV_root/Plant_leave_diseases_dataset_without_augmentation/Apple___Black_rot/image (77).JPG,Apple___Black_rot,Apple___Black_rot,1,0.9683285355567932,0.867179274559021,0.6408843994140625,0.590499997138977,0.5164223909378052
plantvillage/PV_root/Plant_leave_diseases_dataset_without_augmentation/Apple___Black_rot/image (357).JPG,Apple___Black_rot,Apple___Black_rot,1,0.9673634171485901,0.15236306190490723,0.7724151611328125,0.7196065783500671,0.7201345562934875
plantvillage/PV_root/Plant_leave_diseases_dataset_without_augmentation/Apple___Black_rot/image (264).JPG,Apple___Black_rot,Apple___Black_rot,1,0.9682509899139404,0.5337315797805786,0.6218719482421875,0.6243039965629578,0.48973554372787476
plantvillage/PV_root/Plant_leave_diseases_dataset_without_augmentation/Apple___Black_rot/image (22).JPG,Apple___Black_rot,Apple___Black_rot,1,0.967663586139679,0.8433689475059509,0.546783447265625,0.6481004953384399,0.6670974493026733
plantvillage/PV_root/Plant_leave_diseases_dataset_without_augmentation/Apple___Black_rot/image (37).JPG,Apple___Black_rot,Apple___Black_rot,1,0.9690845608711243,0.2799227237701416,0.589935302734375,0.8741888999938965,0.3021252751350403
plantvillage/PV_root/Plant_leave_diseases_dataset_without_augmentation/Apple___Black_rot/image (457).JPG,Apple___Black_rot,Apple___Black_rot,1,0.9678515195846558,0.35008060932159424,0.72235107421875,0.7632234692573547,0.5565320253372192
plantvillage/PV_root/Plant_leave_diseases_dataset_without_augmentation/Apple___Cedar_apple_rust/image (94).JPG,Apple___Cedar_apple_rust,Apple___Cedar_apple_rust,1,0.9649605751037598,0.34723198413848877,0.77935791015625,0.7823130488395691,0.9196494221687317
plantvillage/PV_root/Plant_leave_diseases_dataset_without_augmentation/Apple___Cedar_apple_rust/image (39).JPG,Apple___Cedar_apple_rust,Apple___Cedar_apple_rust,1,0.9675503373146057,0.42854851484298706,0.5289764404296875,0.889790415763855,0.45217880606651306
plantvillage/PV_root/Plant_leave_diseases_dataset_without_augmentation/Apple___Cedar_apple_rust/image (141).JPG,Apple___Cedar_apple_rust,Apple___Cedar_apple_rust,1,0.965419352054596,0.5273576378822327,0.6464996337890625,0.9076448082923889,0.7257230281829834
plantvillage/PV_root/Plant_leave_diseases_dataset_without_augmentation/Apple___Cedar_apple_rust/image (76).JPG,Apple___Cedar_apple_rust,Apple___Cedar_apple_rust,1,0.965641975402832,0.6945819854736328,0.5063629150390625,0.9196484684944153,0.5057114362716675
plantvillage/PV_root/Plant_leave_diseases_dataset_without_augmentation/Apple___Cedar_apple_rust/image (230).JPG,Apple___Cedar_apple_rust,Apple___Cedar_apple_rust,1,0.9656004905700684,0.4319115877151489,0.831787109375,0.9332565069198608,0.8052508234977722
plantvillage/PV_root/Plant_leave_diseases_dataset_without_augmentation/Apple___Cedar_apple_rust/image (164).JPG,Apple___Cedar_apple_rust,Apple___Cedar_apple_rust,1,0.9664499759674072,0.884534478187561,0.4542388916015625,0.9643178582191467,0.8921640515327454
plantvillage/PV_root/Plant_leave_diseases_dataset_without_augmentation/Apple___Cedar_apple_rust/image (168).JPG,Apple___Cedar_apple_rust,Apple___Cedar_apple_rust,1,0.9685314893722534,0.6928508877754211,0.5316009521484375,0.8783453106880188,0.2345796525478363
plantvillage/PV_root/Plant_leave_diseases_dataset_without_augmentation/Apple___Cedar_apple_rust/image (71).JPG,Apple___Cedar_apple_rust,Apple___Cedar_apple_rust,1,0.9673694372177124,0.5286606550216675,0.6150360107421875,0.9196354746818542,0.7228842973709106
plantvillage/PV_root/Plant_leave_diseases_dataset_without_augmentation/Apple___Cedar_apple_rust/image (198).JPG,Apple___Cedar_apple_rust,Apple___Cedar_apple_rust,1,0.9666747450828552,0.5082205533981323,0.67340087890625,0.8806561231613159,0.4972168207168579
plantvillage/PV_root/Plant_leave_diseases_dataset_without_augmentation/Apple___Cedar_apple_rust/image (77).JPG,Apple___Cedar_apple_rust,Apple___Cedar_apple_rust,1,0.967232346534729,0.566913902759552,0.559661865234375,0.9209942817687988,0.34005874395370483
plantvillage/PV_root/Plant_leave_diseases_dataset_without_augmentation/Apple___healthy/image (241).JPG,Apple___healthy,Apple___healthy,1,0.9684035778045654,0.2826455235481262,0.690704345703125,0.8725800514221191,0.5895983576774597
plantvillage/PV_root/Plant_leave_diseases_dataset_without_augmentation/Apple___healthy/image (423).JPG,Apple___healthy,Apple___healthy,1,0.9688160419464111,0.1261388063430786,0.8956298828125,0.7309752702713013,0.6872208118438721
plantvillage/PV_root/Plant_leave_diseases_dataset_without_augmentation/Apple___healthy/image (236).JPG,Apple___healthy,Apple___healthy,1,0.9681042432785034,0.3091700077056885,0.752166748046875,0.8853778839111328,0.5547135472297668
plantvillage/PV_root/Plant_leave_diseases_dataset_without_augmentation/Apple___healthy/image (974).JPG,Apple___healthy,Apple___healthy,1,0.968616247177124,0.32785362005233765,0.3816680908203125,0.7780497670173645,0.8167055249214172
plantvillage/PV_root/Plant_leave_diseases_dataset_without_augmentation/Apple___healthy/image (1398).JPG,Apple___healthy,Apple___healthy,1,0.9685509204864502,0.15707933902740479,0.766448974609375,0.9248043298721313,0.688315212726593
plantvillage/PV_root/Plant_leave_diseases_dataset_without_augmentation/Apple___healthy/image (1200).JPG,Apple___healthy,Apple___healthy,1,0.9693230390548706,0.6947213411331177,0.60748291015625,0.8625356554985046,0.4754233956336975
plantvillage/PV_root/Plant_leave_diseases_dataset_without_augmentation/Apple___healthy/image (1357).JPG,Apple___healthy,Apple___healthy,1,0.9682266116142273,0.5398127436637878,0.587188720703125,0.863705575466156,0.6291226148605347
plantvillage/PV_root/Plant_leave_diseases_dataset_without_augmentation/Apple___healthy/image (1538).JPG,Apple___healthy,Apple___healthy,1,0.9680115580558777,0.11548542976379395,0.841888427734375,0.8258557915687561,0.6754765510559082
plantvillage/PV_root/Plant_leave_diseases_dataset_without_augmentation/Apple___healthy/image (1014).JPG,Apple___healthy,Apple___healthy,1,0.9679052233695984,0.4002283811569214,0.7116241455078125,0.808098554611206,0.5072314143180847
plantvillage/PV_root/Plant_leave_diseases_dataset_without_augmentation/Apple___healthy/image (172).JPG,Apple___healthy,Apple___healthy,1,0.9685775637626648,0.4556082487106323,0.7464447021484375,0.8144304156303406,0.6040818691253662
plantvillage/PV_root/Plant_leave_diseases_dataset_without_augmentation/Blueberry___healthy/image (920).JPG,Blueberry___healthy,Blueberry___healthy,1,0.9684528708457947,0.44798243045806885,0.5062713623046875,0.7636678814888,0.8900176286697388
plantvillage/PV_root/Plant_leave_diseases_dataset_without_augmentation/Blueberry___healthy/image (436).JPG,Blueberry___healthy,Blueberry___healthy,1,0.9678906798362732,0.20110952854156494,0.5950469970703125,0.22562091052532196,0.9090361595153809
plantvillage/PV_root/Plant_leave_diseases_dataset_without_augmentation/Blueberry___healthy/image (1298).JPG,Blueberry___healthy,Blueberry___healthy,1,0.9688960313796997,0.3772055506706238,0.8029022216796875,0.8816182017326355,0.8179694414138794
plantvillage/PV_root/Plant_leave_diseases_dataset_without_augmentation/Blueberry___healthy/image (684).JPG,Blueberry___healthy,Blueberry___healthy,1,0.9681565761566162,0.2116689682006836,0.7890625,0.7809781432151794,0.8034923076629639
plantvillage/PV_root/Plant_leave_diseases_dataset_without_augmentation/Blueberry___healthy/image (1265).JPG,Blueberry___healthy,Blueberry___healthy,1,0.9671205282211304,0.0801423192024231,0.7681427001953125,0.4007180631160736,0.8719846606254578
plantvillage/PV_root/Plant_leave_diseases_dataset_without_augmentation/Blueberry___healthy/image (392).JPG,Blueberry___healthy,Blueberry___healthy,1,0.9688790440559387,0.4057256579399109,0.5348663330078125,0.9121828675270081,0.8397740721702576
plantvillage/PV_root/Plant_leave_diseases_dataset_without_augmentation/Blueberry___healthy/image (34).JPG,Blueberry___healthy,Blueberry___healthy,1,0.9688848853111267,0.6193275451660156,0.5083770751953125,0.8793630003929138,0.7749462127685547
plantvillage/PV_root/Plant_leave_diseases_dataset_without_augmentation/Blueberry___healthy/image (1387).JPG,Blueberry___healthy,Blueberry___healthy,1,0.9691205024719238,0.635143518447876,0.5413055419921875,0.9365563988685608,0.5706499814987183
plantvillage/PV_root/Plant_leave_diseases_dataset_without_augmentation/Blueberry___healthy/image (792).JPG,Blueberry___healthy,Blueberry___healthy,1,0.9689635634422302,0.352803111076355,0.51629638671875,0.9440518617630005,0.9290051460266113
plantvillage/PV_root/Plant_leave_diseases_dataset_without_augmentation/Blueberry___healthy/image (330).JPG,Blueberry___healthy,Blueberry___healthy,1,0.9688869714736938,0.2122880220413208,0.75836181640625,0.9078118205070496,0.7087522149085999
plantvillage/PV_root/Plant_leave_diseases_dataset_without_augmentation/Cherry___Powdery_mildew/image (577).JPG,Cherry___Powdery_mildew,Cherry___Powdery_mildew,1,0.9682579040527344,0.4482341408729553,0.4228057861328125,0.931969404220581,0.9599525928497314
plantvillage/PV_root/Plant_leave_diseases_dataset_without_augmentation/Cherry___Powdery_mildew/image (448).JPG,Cherry___Powdery_mildew,Cherry___Powdery_mildew,1,0.9690733551979065,0.12269431352615356,0.7508392333984375,0.8988311290740967,0.9628585577011108
plantvillage/PV_root/Plant_leave_diseases_dataset_without_augmentation/Cherry___Powdery_mildew/image (377).JPG,Cherry___Powdery_mildew,Cherry___Powdery_mildew,1,0.9676288962364197,0.219774067401886,0.62371826171875,0.9666791558265686,0.967193603515625
plantvillage/PV_root/Plant_leave_diseases_dataset_without_augmentation/Cherry___Powdery_mildew/image (183).JPG,Cherry___Powdery_mildew,Cherry___Powdery_mildew,1,0.9677571654319763,0.521041989326477,0.5240020751953125,0.8559348583221436,0.9349427223205566
plantvillage/PV_root/Plant_leave_diseases_dataset_without_augmentation/Cherry___Powdery_mildew/image (548).JPG,Cherry___Powdery_mildew,Cherry___Powdery_mildew,1,0.9698424935340881,0.1301470398902893,0.675872802734375,0.7199374437332153,0.6263890862464905
plantvillage/PV_root/Plant_leave_diseases_dataset_without_augmentation/Cherry___Powdery_mildew/image (592).JPG,Cherry___Powdery_mildew,Cherry___Powdery_mildew,1,0.9675689339637756,0.4967227578163147,0.48486328125,0.9668648838996887,0.9680498838424683
plantvillage/PV_root/Plant_leave_diseases_dataset_without_augmentation/Cherry___Powdery_mildew/image (779).JPG,Cherry___Powdery_mildew,Cherry___Powdery_mildew,1,0.967195987701416,0.616356372833252,0.5435791015625,0.9589932560920715,0.9610645771026611
plantvillage/PV_root/Plant_leave_diseases_dataset_without_augmentation/Cherry___Powdery_mildew/image (537).JPG,Cherry___Powdery_mildew,Cherry___Powdery_mildew,1,0.9616588950157166,0.3436530828475952,0.722930908203125,0.15740597248077393,0.6116368174552917
plantvillage/PV_root/Plant_leave_diseases_dataset_without_augmentation/Cherry___Powdery_mildew/image (587).JPG,Cherry___Powdery_mildew,Cherry___Powdery_mildew,1,0.9663604497909546,0.06382828950881958,0.808837890625,0.9476771354675293,0.9575720429420471
plantvillage/PV_root/Plant_leave_diseases_dataset_without_augmentation/Cherry___Powdery_mildew/image (453).JPG,Cherry___Powdery_mildew,Cherry___Powdery_mildew,1,0.9676582217216492,0.5648016929626465,0.527587890625,0.9505402445793152,0.9592196345329285
plantvillage/PV_root/Plant_leave_diseases_dataset_without_augmentation/Cherry___healthy/image (563).JPG,Cherry___healthy,Cherry___healthy,1,0.9677978754043579,0.6641726493835449,0.787506103515625,0.8156577348709106,0.5904390811920166
plantvillage/PV_root/Plant_leave_diseases_dataset_without_augmentation/Cherry___healthy/image (370).JPG,Cherry___healthy,Cherry___healthy,1,0.9678182005882263,0.27448350191116333,0.7508392333984375,0.7341212034225464,0.464541494846344
plantvillage/PV_root/Plant_leave_diseases_dataset_without_augmentation/Cherry___healthy/image (36).JPG,Cherry___healthy,Cherry___healthy,1,0.9676015377044678,0.9542893767356873,0.5077667236328125,0.7896012663841248,0.5388092994689941
plantvillage/PV_root/Plant_leave_diseases_dataset_without_augmentation/Cherry___healthy/image (421).JPG,Cherry___healthy,Cherry___healthy,1,0.9673136472702026,0.965800940990448,0.3740081787109375,0.8008345365524292,0.3007448613643646
plantvillage/PV_root/Plant_leave_diseases_dataset_without_augmentation/Cherry___healthy/image (5).JPG,Cherry___healthy,Cherry___healthy,1,0.9672812223434448,0.5922474265098572,0.72100830078125,0.8248279094696045,0.5724889039993286
plantvillage/PV_root/Plant_leave_diseases_dataset_without_augmentation/Cherry___healthy/image (768).JPG,Cherry___healthy,Cherry___healthy,1,0.9669636487960815,0.7041575908660889,0.6557159423828125,0.7685806751251221,0.5048115849494934
plantvillage/PV_root/Plant_leave_diseases_dataset_without_augmentation/Cherry___healthy/image (337).JPG,Cherry___healthy,Cherry___healthy,1,0.967217743396759,0.9720061421394348,0.4066162109375,0.8230922222137451,0.43018001317977905
plantvillage/PV_root/Plant_leave_diseases_dataset_without_augmentation/Cherry___healthy/image (524).JPG,Cherry___healthy,Cherry___healthy,1,0.9678941369056702,0.9526217579841614,0.476287841796875,0.7153509855270386,0.5170636177062988
plantvillage/PV_root/Plant_leave_diseases_dataset_without_augmentation/Cherry___healthy/image (405).JPG,Cherry___healthy,Cherry___healthy,1,0.9672650694847107,0.34624946117401123,0.77880859375,0.7790764570236206,0.5415725708007812
plantvillage/PV_root/Plant_leave_diseases_dataset_without_augmentation/Cherry___healthy/image (51).JPG,Cherry___healthy,Cherry___healthy,1,0.96839439868927,0.08921468257904053,0.70489501953125,0.712898850440979,0.5490235090255737
plantvillage/PV_root/Plant_leave_diseases_dataset_without_augmentation/Corn___Cercospora_leaf_spot Gray_leaf_spot/image (492).jpg,Corn___Cercospora_leaf_spot Gray_leaf_spot,Corn___Cercospora_leaf_spot Gray_leaf_spot,1,0.96810382604599,0.39746540784835815,0.6075592041015625,0.887920081615448,0.5120705366134644
plantvillage/PV_root/Plant_leave_diseases_dataset_without_augmentation/Corn___Cercospora_leaf_spot Gray_leaf_spot/image (389).JPG,Corn___Cercospora_leaf_spot Gray_leaf_spot,Corn___Cercospora_leaf_spot Gray_leaf_spot,1,0.9664339423179626,0.534337043762207,0.40594482421875,0.8814141154289246,0.6258437633514404
plantvillage/PV_root/Plant_leave_diseases_dataset_without_augmentation/Corn___Cercospora_leaf_spot Gray_leaf_spot/image (353).JPG,Corn___Cercospora_leaf_spot Gray_leaf_spot,Corn___Northern_Leaf_Blight,0,0.1554386019706726,0.30249547958374023,0.65960693359375,0.010666479356586933,0.47790318727493286
plantvillage/PV_root/Plant_leave_diseases_dataset_without_augmentation/Corn___Cercospora_leaf_spot Gray_leaf_spot/image (108).JPG,Corn___Cercospora_leaf_spot Gray_leaf_spot,Corn___Cercospora_leaf_spot Gray_leaf_spot,1,0.9682678580284119,0.2496734857559204,0.655548095703125,0.4604623019695282,0.5181474089622498
plantvillage/PV_root/Plant_leave_diseases_dataset_without_augmentation/Corn___Cercospora_leaf_spot Gray_leaf_spot/image (137).JPG,Corn___Cercospora_leaf_spot Gray_leaf_spot,Corn___Cercospora_leaf_spot Gray_leaf_spot,1,0.9687642455101013,0.4996914267539978,0.6336822509765625,0.9135735034942627,0.5410006642341614
plantvillage/PV_root/Plant_leave_diseases_dataset_without_augmentation/Corn___Cercospora_leaf_spot Gray_leaf_spot/image (65).jpg,Corn___Cercospora_leaf_spot Gray_leaf_spot,Corn___Cercospora_leaf_spot Gray_leaf_spot,1,0.970008373260498,0.30046623945236206,0.7321319580078125,0.8313770294189453,0.6280665397644043
plantvillage/PV_root/Plant_leave_diseases_dataset_without_augmentation/Corn___Cercospora_leaf_spot Gray_leaf_spot/image (224).jpg,Corn___Cercospora_leaf_spot Gray_leaf_spot,Corn___Cercospora_leaf_spot Gray_leaf_spot,1,0.9697049260139465,0.2848128080368042,0.7075653076171875,0.8015710115432739,0.42380160093307495
plantvillage/PV_root/Plant_leave_diseases_dataset_without_augmentation/Corn___Cercospora_leaf_spot Gray_leaf_spot/image (183).JPG,Corn___Cercospora_leaf_spot Gray_leaf_spot,Corn___Cercospora_leaf_spot Gray_leaf_spot,1,0.9678974151611328,0.25519782304763794,0.4824371337890625,0.6829711198806763,0.46043381094932556
plantvillage/PV_root/Plant_leave_diseases_dataset_without_augmentation/Corn___Cercospora_leaf_spot Gray_leaf_spot/image (479).JPG,Corn___Cercospora_leaf_spot Gray_leaf_spot,Corn___Cercospora_leaf_spot Gray_leaf_spot,1,0.9682624936103821,0.5959820747375488,0.368438720703125,0.8211628198623657,0.43863359093666077
plantvillage/PV_root/Plant_leave_diseases_dataset_without_augmentation/Corn___Cercospora_leaf_spot Gray_leaf_spot/image (247).JPG,Corn___Cercospora_leaf_spot Gray_leaf_spot,Corn___Cercospora_leaf_spot Gray_leaf_spot,1,0.9695653915405273,0.4084581732749939,0.5784454345703125,0.8319351673126221,0.6499745845794678
plantvillage/PV_root/Plant_leave_diseases_dataset_without_augmentation/Corn___Common_rust/image (887).JPG,Corn___Common_rust,Corn___Common_rust,1,0.9689548015594482,0.009294986724853516,0.990753173828125,0.9667571187019348,0.966576874256134
plantvillage/PV_root/Plant_leave_diseases_dataset_without_augmentation/Corn___Common_rust/image (294).JPG,Corn___Common_rust,Corn___Common_rust,1,0.9681738615036011,0.005995512008666992,0.993865966796875,0.9655121564865112,0.9659287333488464
plantvillage/PV_root/Plant_leave_diseases_dataset_without_augmentation/Corn___Common_rust/image (539).JPG,Corn___Common_rust,Corn___Common_rust,1,0.968643844127655,0.014758944511413574,0.9873809814453125,0.9522770643234253,0.9536401629447937
plantvillage/PV_root/Plant_leave_diseases_dataset_without_augmentation/Corn___Common_rust/image (215).JPG,Corn___Common_rust,Corn___Common_rust,1,0.9698387980461121,0.0016431212425231934,0.9944000244140625,0.9248811602592468,0.7192144393920898
plantvillage/PV_root/Plant_leave_diseases_dataset_without_augmentation/Corn___Common_rust/image (535).JPG,Corn___Common_rust,Corn___Common_rust,1,0.9688143730163574,0.010591387748718262,0.98883056640625,0.9254190325737,0.9199069738388062
plantvillage/PV_root/Plant_leave_diseases_dataset_without_augmentation/Corn___Common_rust/image (442).JPG,Corn___Common_rust,Corn___Common_rust,1,0.9695387482643127,0.0033915042877197266,0.996368408203125,0.9187240600585938,0.8891520500183105
plantvillage/PV_root/Plant_leave_diseases_dataset_without_augmentation/Corn___Common_rust/image (82).JPG,Corn___Common_rust,Corn___Common_rust,1,0.9697998762130737,0.15590530633926392,0.9351043701171875,0.9328545928001404,0.8461111783981323
plantvillage/PV_root/Plant_leave_diseases_dataset_without_augmentation/Corn___Common_rust/image (850).JPG,Corn___Common_rust,Corn___Common_rust,1,0.968183696269989,2.777576446533203e-05,0.9947509765625,0.9164479374885559,0.8110457062721252
plantvillage/PV_root/Plant_leave_diseases_dataset_without_augmentation/Corn___Common_rust/image (536).JPG,Corn___Common_rust,Corn___Common_rust,1,0.9687606692314148,0.0014767646789550781,0.99169921875,0.9504302144050598,0.9608384370803833
plantvillage/PV_root/Plant_leave_diseases_dataset_without_augmentation/Corn___Common_rust/image (130).JPG,Corn___Common_rust,Corn___Common_rust,1,0.967610776424408,0.004964053630828857,0.9875640869140625,0.9484736323356628,0.9491675496101379
plantvillage/PV_root/Plant_leave_diseases_dataset_without_augmentation/Corn___Northern_Leaf_Blight/image (392).JPG,Corn___Northern_Leaf_Blight,Corn___Northern_Leaf_Blight,1,0.9691369533538818,0.6760639548301697,0.4667816162109375,0.9676204919815063,0.9515566825866699
plantvillage/PV_root/Plant_leave_diseases_dataset_without_augmentation/Corn___Northern_Leaf_Blight/image (760).JPG,Corn___Northern_Leaf_Blight,Corn___Northern_Leaf_Blight,1,0.969648540019989,0.3923160433769226,0.6490325927734375,0.969586968421936,0.9702990651130676
plantvillage/PV_root/Plant_leave_diseases_dataset_without_augmentation/Corn___Northern_Leaf_Blight/image (561).JPG,Corn___Northern_Leaf_Blight,Corn___Northern_Leaf_Blight,1,0.9646723866462708,0.028135359287261963,0.9541778564453125,0.7934112548828125,0.6749716997146606
plantvillage/PV_root/Plant_leave_diseases_dataset_without_augmentation/Corn___Northern_Leaf_Blight/image (938).JPG,Corn___Northern_Leaf_Blight,Corn___Northern_Leaf_Blight,1,0.9658381938934326,0.6069357395172119,0.6061553955078125,0.846709132194519,0.8453306555747986
plantvillage/PV_root/Plant_leave_diseases_dataset_without_augmentation/Corn___Northern_Leaf_Blight/image (453).JPG,Corn___Northern_Leaf_Blight,Corn___Northern_Leaf_Blight,1,0.9675900340080261,0.5353156328201294,0.4783172607421875,0.9651755094528198,0.9646540880203247
plantvillage/PV_root/Plant_leave_diseases_dataset_without_augmentation/Corn___Northern_Leaf_Blight/image (543).JPG,Corn___Northern_Leaf_Blight,Corn___Northern_Leaf_Blight,1,0.9649845957756042,0.40694206953048706,0.7535400390625,0.8261376619338989,0.7729857563972473
plantvillage/PV_root/Plant_leave_diseases_dataset_without_augmentation/Corn___Northern_Leaf_Blight/image (134).JPG,Corn___Northern_Leaf_Blight,Corn___Northern_Leaf_Blight,1,0.9691044688224792,0.24742192029953003,0.6448516845703125,0.9661397337913513,0.9671304821968079
plantvillage/PV_root/Plant_leave_diseases_dataset_without_augmentation/Corn___Northern_Leaf_Blight/image (291).JPG,Corn___Northern_Leaf_Blight,Corn___Northern_Leaf_Blight,1,0.9676094651222229,0.6609665155410767,0.530731201171875,0.8335856199264526,0.6223915815353394
plantvillage/PV_root/Plant_leave_diseases_dataset_without_augmentation/Corn___Northern_Leaf_Blight/image (305).jpg,Corn___Northern_Leaf_Blight,Corn___Northern_Leaf_Blight,1,0.9678878784179688,0.11345970630645752,0.6889495849609375,0.6988089680671692,0.7586376667022705
plantvillage/PV_root/Plant_leave_diseases_dataset_without_augmentation/Corn___Northern_Leaf_Blight/image (616).JPG,Corn___Northern_Leaf_Blight,Corn___Northern_Leaf_Blight,1,0.9676231741905212,0.8239080905914307,0.4674224853515625,0.9076850414276123,0.9027406573295593
plantvillage/PV_root/Plant_leave_diseases_dataset_without_augmentation/Corn___healthy/image (300).jpg,Corn___healthy,Corn___healthy,1,0.9695656299591064,0.3696192502975464,0.551177978515625,0.9675713777542114,0.9690577387809753
plantvillage/PV_root/Plant_leave_diseases_dataset_without_augmentation/Corn___healthy/image (1029).jpg,Corn___healthy,Corn___healthy,1,0.9675642848014832,0.8928791284561157,0.1372833251953125,0.9643031358718872,0.9653032422065735
plantvillage/PV_root/Plant_leave_diseases_dataset_without_augmentation/Corn___healthy/image (764).jpg,Corn___healthy,Corn___healthy,1,0.9684983491897583,0.3184548616409302,0.78521728515625,0.9677398204803467,0.9688372015953064
plantvillage/PV_root/Plant_leave_diseases_dataset_without_augmentation/Corn___healthy/image (1056).jpg,Corn___healthy,Corn___healthy,1,0.9686504602432251,0.4858725666999817,0.406494140625,0.967804491519928,0.9679745435714722
plantvillage/PV_root/Plant_leave_diseases_dataset_without_augmentation/Corn___healthy/image (1063).jpg,Corn___healthy,Corn___healthy,1,0.968007504940033,0.8496479988098145,0.1265869140625,0.9664597511291504,0.9679338335990906
plantvillage/PV_root/Plant_leave_diseases_dataset_without_augmentation/Corn___healthy/image (837).jpg,Corn___healthy,Corn___healthy,1,0.9689764976501465,0.8924728631973267,0.4402008056640625,0.9680184125900269,0.9685425758361816
plantvillage/PV_root/Plant_leave_diseases_dataset_without_augmentation/Corn___healthy/image (1120).jpg,Corn___healthy,Corn___healthy,1,0.9687864780426025,0.46000736951828003,0.614532470703125,0.9663023352622986,0.9671776294708252
plantvillage/PV_root/Plant_leave_diseases_dataset_without_augmentation/Corn___healthy/image (353).jpg,Corn___healthy,Corn___healthy,1,0.9679679870605469,0.27904456853866577,0.5917205810546875,0.96735018491745,0.9680595397949219
plantvillage/PV_root/Plant_leave_diseases_dataset_without_augmentation/Corn___healthy/image (935).jpg,Corn___healthy,Corn___healthy,1,0.9682394862174988,0.255029559135437,0.767730712890625,0.9683690667152405,0.9684621095657349
plantvillage/PV_root/Plant_leave_diseases_dataset_without_augmentation/Corn___healthy/image (747).jpg,Corn___healthy,Corn___healthy,1,0.9685520529747009,0.3571089506149292,0.663116455078125,0.9675846099853516,0.9685309529304504
plantvillage/PV_root/Plant_leave_diseases_dataset_without_augmentation/Grape___Black_rot/image (1050).JPG,Grape___Black_rot,Grape___Black_rot,1,0.967819094657898,0.6872990727424622,0.7408599853515625,0.6504831314086914,0.6003584861755371
plantvillage/PV_root/Plant_leave_diseases_dataset_without_augmentation/Grape___Black_rot/image (269).JPG,Grape___Black_rot,Grape___Black_rot,1,0.9690659642219543,0.037531912326812744,0.760833740234375,0.6498300433158875,0.4713064432144165
plantvillage/PV_root/Plant_leave_diseases_dataset_without_augmentation/Grape___Black_rot/image (640).JPG,Grape___Black_rot,Grape___Black_rot,1,0.9689193367958069,0.5248903036117554,0.644683837890625,0.8280972242355347,0.45898178219795227
plantvillage/PV_root/Plant_leave_diseases_dataset_without_augmentation/Grape___Black_rot/image (829).JPG,Grape___Black_rot,Grape___Black_rot,1,0.9682810306549072,0.17115908861160278,0.8594818115234375,0.6851229667663574,0.6162696480751038
plantvillage/PV_root/Plant_leave_diseases_dataset_without_augmentation/Grape___Black_rot/image (292).JPG,Grape___Black_rot,Grape___Black_rot,1,0.9683492183685303,0.16343599557876587,0.7726593017578125,0.764403760433197,0.6808035969734192
plantvillage/PV_root/Plant_leave_diseases_dataset_without_augmentation/Grape___Black_rot/image (865).JPG,Grape___Black_rot,Grape___Black_rot,1,0.9677950143814087,0.49173980951309204,0.6728057861328125,0.7401861548423767,0.47022464871406555
plantvillage/PV_root/Plant_leave_diseases_dataset_without_augmentation/Grape___Black_rot/image (912).JPG,Grape___Black_rot,Grape___Black_rot,1,0.9684752225875854,0.5732012987136841,0.6352691650390625,0.8511168360710144,0.4798280596733093
plantvillage/PV_root/Plant_leave_diseases_dataset_without_augmentation/Grape___Black_rot/image (666).JPG,Grape___Black_rot,Grape___Black_rot,1,0.9665442705154419,0.45044803619384766,0.8519744873046875,0.7683521509170532,0.7108192443847656
plantvillage/PV_root/Plant_leave_diseases_dataset_without_augmentation/Grape___Black_rot/image (568).JPG,Grape___Black_rot,Grape___Black_rot,1,0.9662160873413086,0.5176689624786377,0.68804931640625,0.7768450975418091,0.6835335493087769
plantvillage/PV_root/Plant_leave_diseases_dataset_without_augmentation/Grape___Black_rot/image (206).JPG,Grape___Black_rot,Grape___Black_rot,1,0.9686121940612793,0.3817349076271057,0.766754150390625,0.690052330493927,0.509229838848114
plantvillage/PV_root/Plant_leave_diseases_dataset_without_augmentation/Grape___Esca_(Black_Measles)/image (498).JPG,Grape___Esca_(Black_Measles),Grape___Esca_(Black_Measles),1,0.9686652421951294,0.3254450559616089,0.658416748046875,0.7268052101135254,0.5868919491767883
plantvillage/PV_root/Plant_leave_diseases_dataset_without_augmentation/Grape___Esca_(Black_Measles)/image (609).JPG,Grape___Esca_(Black_Measles),Grape___Esca_(Black_Measles),1,0.9666334986686707,0.3481137156486511,0.6479949951171875,0.6733299493789673,0.9163615107536316
plantvillage/PV_root/Plant_leave_diseases_dataset_without_augmentation/Grape___Esca_(Black_Measles)/image (416).JPG,Grape___Esca_(Black_Measles),Grape___Esca_(Black_Measles),1,0.9674185514450073,0.41391968727111816,0.66107177734375,0.7919555902481079,0.4081088602542877
plantvillage/PV_root/Plant_leave_diseases_dataset_without_augmentation/Grape___Esca_(Black_Measles)/image (1).JPG,Grape___Esca_(Black_Measles),Grape___Esca_(Black_Measles),1,0.9660929441452026,0.4933125376701355,0.5423431396484375,0.7132073640823364,0.5519202947616577
plantvillage/PV_root/Plant_leave_diseases_dataset_without_augmentation/Grape___Esca_(Black_Measles)/image (611).JPG,Grape___Esca_(Black_Measles),Grape___Esca_(Black_Measles),1,0.9659159183502197,0.36159634590148926,0.722564697265625,0.8427613377571106,0.6629090309143066
plantvillage/PV_root/Plant_leave_diseases_dataset_without_augmentation/Grape___Esca_(Black_Measles)/image (707).JPG,Grape___Esca_(Black_Measles),Grape___Esca_(Black_Measles),1,0.9679216146469116,0.40959542989730835,0.661712646484375,0.8806933164596558,0.4884354770183563
plantvillage/PV_root/Plant_leave_diseases_dataset_without_augmentation/Grape___Esca_(Black_Measles)/image (1379).JPG,Grape___Esca_(Black_Measles),Grape___Esca_(Black_Measles),1,0.9676167368888855,0.3260475993156433,0.711090087890625,0.6744738817214966,0.45808443427085876
plantvillage/PV_root/Plant_leave_diseases_dataset_without_augmentation/Grape___Esca_(Black_Measles)/image (276).JPG,Grape___Esca_(Black_Measles),Grape___Esca_(Black_Measles),1,0.9682793617248535,0.22118991613388062,0.724884033203125,0.7391718029975891,0.5162116289138794
plantvillage/PV_root/Plant_leave_diseases_dataset_without_augmentation/Grape___Esca_(Black_Measles)/image (117).JPG,Grape___Esca_(Black_Measles),Grape___Esca_(Black_Measles),1,0.9677609205245972,0.3803304433822632,0.67535400390625,0.7886031270027161,0.7029313445091248
plantvillage/PV_root/Plant_leave_diseases_dataset_without_augmentation/Grape___Esca_(Black_Measles)/image (819).JPG,Grape___Esca_(Black_Measles),Grape___Esca_(Black_Measles),1,0.9682345390319824,0.2795538902282715,0.7512054443359375,0.7053725719451904,0.834151029586792
plantvillage/PV_root/Plant_leave_diseases_dataset_without_augmentation/Grape___Leaf_blight_(Isariopsis_Leaf_Spot)/image (150).JPG,Grape___Leaf_blight_(Isariopsis_Leaf_Spot),Grape___Leaf_blight_(Isariopsis_Leaf_Spot),1,0.9684965014457703,0.31551212072372437,0.8490142822265625,0.9361822009086609,0.8744719624519348
plantvillage/PV_root/Plant_leave_diseases_dataset_without_augmentation/Grape___Leaf_blight_(Isariopsis_Leaf_Spot)/image (457).JPG,Grape___Leaf_blight_(Isariopsis_Leaf_Spot),Grape___Leaf_blight_(Isariopsis_Leaf_Spot),1,0.9685320258140564,0.27072256803512573,0.7888946533203125,0.9226385951042175,0.9028906226158142
plantvillage/PV_root/Plant_leave_diseases_dataset_without_augmentation/Grape___Leaf_blight_(Isariopsis_Leaf_Spot)/image (334).JPG,Grape___Leaf_blight_(Isariopsis_Leaf_Spot),Grape___Leaf_blight_(Isariopsis_Leaf_Spot),1,0.9677836298942566,0.23196405172348022,0.835723876953125,0.9216979146003723,0.8980538249015808
plantvillage/PV_root/Plant_leave_diseases_dataset_without_augmentation/Grape___Leaf_blight_(Isariopsis_Leaf_Spot)/image (971).JPG,Grape___Leaf_blight_(Isariopsis_Leaf_Spot),Grape___Leaf_blight_(Isariopsis_Leaf_Spot),1,0.9679023027420044,0.27829867601394653,0.7711029052734375,0.8260518908500671,0.7729960083961487
plantvillage/PV_root/Plant_leave_diseases_dataset_without_augmentation/Grape___Leaf_blight_(Isariopsis_Leaf_Spot)/image (967).JPG,Grape___Leaf_blight_(Isariopsis_Leaf_Spot),Grape___Leaf_blight_(Isariopsis_Leaf_Spot),1,0.967734158039093,0.13920623064041138,0.788330078125,0.6806564927101135,0.794670581817627
plantvillage/PV_root/Plant_leave_diseases_dataset_without_augmentation/Grape___Leaf_blight_(Isariopsis_Leaf_Spot)/image (214).JPG,Grape___Leaf_blight_(Isariopsis_Leaf_Spot),Grape___Leaf_blight_(Isariopsis_Leaf_Spot),1,0.9680231809616089,0.17174690961837769,0.770416259765625,0.8917194604873657,0.9080697298049927
plantvillage/PV_root/Plant_leave_diseases_dataset_without_augmentation/Grape___Leaf_blight_(Isariopsis_Leaf_Spot)/image (934).JPG,Grape___Leaf_blight_(Isariopsis_Leaf_Spot),Grape___Leaf_blight_(Isariopsis_Leaf_Spot),1,0.968108057975769,0.1399141550064087,0.8084716796875,0.9365083575248718,0.772216260433197
plantvillage/PV_root/Plant_leave_diseases_dataset_without_augmentation/Grape___Leaf_blight_(Isariopsis_Leaf_Spot)/image (728).JPG,Grape___Leaf_blight_(Isariopsis_Leaf_Spot),Grape___Leaf_blight_(Isariopsis_Leaf_Spot),1,0.9689278602600098,0.12513238191604614,0.80548095703125,0.8446658849716187,0.5494381189346313
plantvillage/PV_root/Plant_leave_diseases_dataset_without_augmentation/Grape___Leaf_blight_(Isariopsis_Leaf_Spot)/image (224).JPG,Grape___Leaf_blight_(Isariopsis_Leaf_Spot),Grape___Leaf_blight_(Isariopsis_Leaf_Spot),1,0.9681890606880188,0.1539386510848999,0.8509979248046875,0.7936215400695801,0.5810446739196777
plantvillage/PV_root/Plant_leave_diseases_dataset_without_augmentation/Grape___Leaf_blight_(Isariopsis_Leaf_Spot)/image (134).JPG,Grape___Leaf_blight_(Isariopsis_Leaf_Spot),Grape___Leaf_blight_(Isariopsis_Leaf_Spot),1,0.9666801691055298,0.1819072961807251,0.8076019287109375,0.5766690969467163,0.7192930579185486
plantvillage/PV_root/Plant_leave_diseases_dataset_without_augmentation/Grape___healthy/image (146).JPG,Grape___healthy,Grape___healthy,1,0.9694902896881104,0.4035912752151489,0.6668853759765625,0.8023218512535095,0.8799223303794861
plantvillage/PV_root/Plant_leave_diseases_dataset_without_augmentation/Grape___healthy/image (268).JPG,Grape___healthy,Grape___healthy,1,0.9687700271606445,0.16543155908584595,0.7185821533203125,0.7438517808914185,0.9219046831130981
plantvillage/PV_root/Plant_leave_diseases_dataset_without_augmentation/Grape___healthy/image (185).JPG,Grape___healthy,Grape___healthy,1,0.968656599521637,0.03373062610626221,0.5596771240234375,0.7839353680610657,0.9215415120124817
plantvillage/PV_root/Plant_leave_diseases_dataset_without_augmentation/Grape___healthy/image (145).JPG,Grape___healthy,Grape___healthy,1,0.968969464302063,0.08320409059524536,0.563690185546875,0.8694385290145874,0.9315118193626404
plantvillage/PV_root/Plant_leave_diseases_dataset_without_augmentation/Grape___healthy/image (408).JPG,Grape___healthy,Grape___healthy,1,0.9689844846725464,0.09232807159423828,0.5243072509765625,0.7608988881111145,0.9214453101158142
plantvillage/PV_root/Plant_leave_diseases_dataset_without_augmentation/Grape___healthy/image (17).JPG,Grape___healthy,Grape___healthy,1,0.9691784977912903,0.6104823350906372,0.6647186279296875,0.825294017791748,0.7390286922454834
plantvillage/PV_root/Plant_leave_diseases_dataset_without_augmentation/Grape___healthy/image (174).JPG,Grape___healthy,Grape___healthy,1,0.968472421169281,0.000335693359375,0.6737518310546875,0.6815202832221985,0.8767531514167786
plantvillage/PV_root/Plant_leave_diseases_dataset_without_augmentation/Grape___healthy/image (71).JPG,Grape___healthy,Grape___healthy,1,0.9692565202713013,0.5047940611839294,0.6249542236328125,0.6705657839775085,0.7308828234672546
plantvillage/PV_root/Plant_leave_diseases_dataset_without_augmentation/Grape___healthy/image (183).JPG,Grape___healthy,Grape___healthy,1,0.9692243933677673,0.42230361700057983,0.672943115234375,0.7973718047142029,0.5322307348251343
plantvillage/PV_root/Plant_leave_diseases_dataset_without_augmentation/Grape___healthy/image (319).JPG,Grape___healthy,Grape___healthy,1,0.9695765972137451,0.3159809708595276,0.7464752197265625,0.8202616572380066,0.8356297612190247
plantvillage/PV_root/Plant_leave_diseases_dataset_without_augmentation/Orange___Haunglongbing_(Citrus_greening)/image (3070).JPG,Orange___Haunglongbing_(Citrus_greening),Orange___Haunglongbing_(Citrus_greening),1,0.9676266312599182,0.813947319984436,0.551910400390625,0.9328103065490723,0.6184516549110413
plantvillage/PV_root/Plant_leave_diseases_dataset_without_augmentation/Orange___Haunglongbing_(Citrus_greening)/image (1440).JPG,Orange___Haunglongbing_(Citrus_greening),Orange___Haunglongbing_(Citrus_greening),1,0.9680304527282715,0.1627066731452942,0.9028778076171875,0.8804246187210083,0.6852288246154785
plantvillage/PV_root/Plant_leave_diseases_dataset_without_augmentation/Orange___Haunglongbing_(Citrus_greening)/image (5262).JPG,Orange___Haunglongbing_(Citrus_greening),Orange___Haunglongbing_(Citrus_greening),1,0.9689186811447144,0.09376907348632812,0.8556060791015625,0.757612407207489,0.7792105078697205
plantvillage/PV_root/Plant_leave_diseases_dataset_without_augmentation/Orange___Haunglongbing_(Citrus_greening)/image (1315).JPG,Orange___Haunglongbing_(Citrus_greening),Orange___Haunglongbing_(Citrus_greening),1,0.9675458669662476,0.6830832362174988,0.6817169189453125,0.844855546951294,0.7015384435653687
plantvillage/PV_root/Plant_leave_diseases_dataset_without_augmentation/Orange___Haunglongbing_(Citrus_greening)/image (609).JPG,Orange___Haunglongbing_(Citrus_greening),Orange___Haunglongbing_(Citrus_greening),1,0.9687778949737549,0.7387591600418091,0.515472412109375,0.8746290802955627,0.7147009968757629
plantvillage/PV_root/Plant_leave_diseases_dataset_without_augmentation/Orange___Haunglongbing_(Citrus_greening)/image (4453).JPG,Orange___Haunglongbing_(Citrus_greening),Orange___Haunglongbing_(Citrus_greening),1,0.9675601124763489,0.4963734745979309,0.797698974609375,0.9190728068351746,0.682258665561676
plantvillage/PV_root/Plant_leave_diseases_dataset_without_augmentation/Orange___Haunglongbing_(Citrus_greening)/image (2761).JPG,Orange___Haunglongbing_(Citrus_greening),Orange___Haunglongbing_(Citrus_greening),1,0.9683218598365784,0.4302091598510742,0.6743316650390625,0.8854694366455078,0.8521546721458435
plantvillage/PV_root/Plant_leave_diseases_dataset_without_augmentation/Orange___Haunglongbing_(Citrus_greening)/image (2112).JPG,Orange___Haunglongbing_(Citrus_greening),Orange___Haunglongbing_(Citrus_greening),1,0.9675319194793701,0.48302870988845825,0.5789794921875,0.9202033281326294,0.8209633827209473
plantvillage/PV_root/Plant_leave_diseases_dataset_without_augmentation/Orange___Haunglongbing_(Citrus_greening)/image (64).JPG,Orange___Haunglongbing_(Citrus_greening),Orange___Haunglongbing_(Citrus_greening),1,0.9669445753097534,0.40110957622528076,0.5901641845703125,0.8820710778236389,0.899938702583313
plantvillage/PV_root/Plant_leave_diseases_dataset_without_augmentation/Orange___Haunglongbing_(Citrus_greening)/image (2957).JPG,Orange___Haunglongbing_(Citrus_greening),Orange___Haunglongbing_(Citrus_greening),1,0.9673607349395752,0.2904762625694275,0.8371734619140625,0.8714392781257629,0.5939310193061829
plantvillage/PV_root/Plant_leave_diseases_dataset_without_augmentation/Peach___Bacterial_spot/image (1714).JPG,Peach___Bacterial_spot,Peach___Bacterial_spot,1,0.9667333364486694,0.3241175413131714,0.532989501953125,0.7367789149284363,0.6352593898773193
plantvillage/PV_root/Plant_leave_diseases_dataset_without_augmentation/Peach___Bacterial_spot/image (1756).JPG,Peach___Bacterial_spot,Peach___Bacterial_spot,1,0.9673242568969727,0.8764749765396118,0.570343017578125,0.8256036639213562,0.7334122657775879
plantvillage/PV_root/Plant_leave_diseases_dataset_without_augmentation/Peach___Bacterial_spot/image (1329).JPG,Peach___Bacterial_spot,Peach___Bacterial_spot,1,0.9560456275939941,0.19895291328430176,0.7267913818359375,0.8095097541809082,0.9005115032196045
plantvillage/PV_root/Plant_leave_diseases_dataset_without_augmentation/Peach___Bacterial_spot/image (983).JPG,Peach___Bacterial_spot,Peach___Bacterial_spot,1,0.9667170643806458,0.4526209235191345,0.5950164794921875,0.9145995378494263,0.8714233636856079
plantvillage/PV_root/Plant_leave_diseases_dataset_without_augmentation/Peach___Bacterial_spot/image (4).JPG,Peach___Bacterial_spot,Peach___Bacterial_spot,1,0.9675547480583191,0.35888445377349854,0.4229888916015625,0.7687335014343262,0.7889418005943298
plantvillage/PV_root/Plant_leave_diseases_dataset_without_augmentation/Peach___Bacterial_spot/image (1801).JPG,Peach___Bacterial_spot,Peach___Bacterial_spot,1,0.9663073420524597,0.40478289127349854,0.748504638671875,0.46258625388145447,0.6135846376419067
plantvillage/PV_root/Plant_leave_diseases_dataset_without_augmentation/Peach___Bacterial_spot/image (946).JPG,Peach___Bacterial_spot,Peach___Bacterial_spot,1,0.9655620455741882,0.40509217977523804,0.484771728515625,0.7877295613288879,0.8904840350151062
plantvillage/PV_root/Plant_leave_diseases_dataset_without_augmentation/Peach___Bacterial_spot/image (345).JPG,Peach___Bacterial_spot,Peach___Bacterial_spot,1,0.96703040599823,0.36089223623275757,0.5805816650390625,0.8225890398025513,0.6749383807182312
plantvillage/PV_root/Plant_leave_diseases_dataset_without_augmentation/Peach___Bacterial_spot/image (460).JPG,Peach___Bacterial_spot,Peach___Bacterial_spot,1,0.9636515378952026,0.2687814235687256,0.658782958984375,0.13829824328422546,0.9179074168205261
plantvillage/PV_root/Plant_leave_diseases_dataset_without_augmentation/Peach___Bacterial_spot/image (876).JPG,Peach___Bacterial_spot,Peach___Bacterial_spot,1,0.962668240070343,0.5028108358383179,0.5291748046875,0.8611187934875488,0.762363612651825
plantvillage/PV_root/Plant_leave_diseases_dataset_without_augmentation/Peach___healthy/image (54).JPG,Peach___healthy,Peach___healthy,1,0.9689489603042603,0.5833200216293335,0.633941650390625,0.8341531157493591,0.5620791912078857
plantvillage/PV_root/Plant_leave_diseases_dataset_without_augmentation/Peach___healthy/image (254).JPG,Peach___healthy,Peach___healthy,1,0.9674302339553833,0.4687972664833069,0.437591552734375,0.7539153695106506,0.8594046831130981
plantvillage/PV_root/Plant_leave_diseases_dataset_without_augmentation/Peach___healthy/image (274).JPG,Peach___healthy,Peach___healthy,1,0.9688002467155457,0.4997851252555847,0.4582977294921875,0.8168895244598389,0.6845366954803467
plantvillage/PV_root/Plant_leave_diseases_dataset_without_augmentation/Peach___healthy/image (265).JPG,Peach___healthy,Peach___healthy,1,0.9681223630905151,0.1845550537109375,0.5850067138671875,0.28793320059776306,0.916907787322998
plantvillage/PV_root/Plant_leave_diseases_dataset_without_augmentation/Peach___healthy/image (312).JPG,Peach___healthy,Peach___healthy,1,0.9686132073402405,0.20851582288742065,0.694671630859375,0.7539423108100891,0.6798621416091919
plantvillage/PV_root/Plant_leave_diseases_dataset_without_augmentation/Peach___healthy/image (29).JPG,Peach___healthy,Peach___healthy,1,0.9688916802406311,0.6484537124633789,0.6173858642578125,0.8062314391136169,0.6418565511703491
plantvillage/PV_root/Plant_leave_diseases_dataset_without_augmentation/Peach___healthy/image (36).JPG,Peach___healthy,Peach___healthy,1,0.9673882722854614,0.6227582693099976,0.4439849853515625,0.854211688041687,0.7817816734313965
plantvillage/PV_root/Plant_leave_diseases_dataset_without_augmentation/Peach___healthy/image (167).JPG,Peach___healthy,Peach___healthy,1,0.9687837958335876,0.5290166139602661,0.5028839111328125,0.7317277193069458,0.6474512219429016
plantvillage/PV_root/Plant_leave_diseases_dataset_without_augmentation/Peach___healthy/image (131).JPG,Peach___healthy,Peach___healthy,1,0.9688506126403809,0.2621390223503113,0.349029541015625,0.5827046036720276,0.9178645610809326
plantvillage/PV_root/Plant_leave_diseases_dataset_without_augmentation/Peach___healthy/image (298).JPG,Peach___healthy,Peach___healthy,1,0.9684765934944153,0.675334095954895,0.3514251708984375,0.7817465662956238,0.8527434468269348
"plantvillage/PV_root/Plant_leave_diseases_dataset_without_augmentation/Pepper,_bell___Bacterial_spot/image (376).JPG","Pepper,_bell___Bacterial_spot","Pepper,_bell___Bacterial_spot",1,0.9687332510948181,0.11771798133850098,0.688262939453125,0.6430197358131409,0.5618927478790283
"plantvillage/PV_root/Plant_leave_diseases_dataset_without_augmentation/Pepper,_bell___Bacterial_spot/image (68).JPG","Pepper,_bell___Bacterial_spot","Pepper,_bell___Bacterial_spot",1,0.9685409665107727,0.25193172693252563,0.8834075927734375,0.6566013693809509,0.6345695853233337
"plantvillage/PV_root/Plant_leave_diseases_dataset_without_augmentation/Pepper,_bell___Bacterial_spot/image (400).JPG","Pepper,_bell___Bacterial_spot","Pepper,_bell___Bacterial_spot",1,0.9692267179489136,0.017025411128997803,0.748779296875,0.6558642387390137,0.4187547266483307
"plantvillage/PV_root/Plant_leave_diseases_dataset_without_augmentation/Pepper,_bell___Bacterial_spot/image (158).JPG","Pepper,_bell___Bacterial_spot","Pepper,_bell___Bacterial_spot",1,0.9677542448043823,0.02829599380493164,0.7942657470703125,0.7151530385017395,0.6086843013763428
"plantvillage/PV_root/Plant_leave_diseases_dataset_without_augmentation/Pepper,_bell___Bacterial_spot/image (689).JPG","Pepper,_bell___Bacterial_spot","Pepper,_bell___Bacterial_spot",1,0.9684005379676819,0.20937633514404297,0.7780914306640625,0.7697077393531799,0.7126970887184143
"plantvillage/PV_root/Plant_leave_diseases_dataset_without_augmentation/Pepper,_bell___Bacterial_spot/image (763).JPG","Pepper,_bell___Bacterial_spot","Pepper,_bell___Bacterial_spot",1,0.9683000445365906,0.09529304504394531,0.8289794921875,0.9281014204025269,0.8631569743156433
"plantvillage/PV_root/Plant_leave_diseases_dataset_without_augmentation/Pepper,_bell___Bacterial_spot/image (153).JPG","Pepper,_bell___Bacterial_spot","Pepper,_bell___Bacterial_spot",1,0.9701247811317444,0.30584365129470825,0.809906005859375,0.693435549736023,0.564478874206543
"plantvillage/PV_root/Plant_leave_diseases_dataset_without_augmentation/Pepper,_bell___Bacterial_spot/image (23).JPG","Pepper,_bell___Bacterial_spot","Pepper,_bell___Bacterial_spot",1,0.9687286615371704,0.016722679138183594,0.780120849609375,0.7398023009300232,0.6507946848869324
"plantvillage/PV_root/Plant_leave_diseases_dataset_without_augmentation/Pepper,_bell___Bacterial_spot/image (786).JPG","Pepper,_bell___Bacterial_spot","Pepper,_bell___Bacterial_spot",1,0.9679386019706726,0.2572596073150635,0.784698486328125,0.6802254915237427,0.679427981376648
"plantvillage/PV_root/Plant_leave_diseases_dataset_without_augmentation/Pepper,_bell___Bacterial_spot/image (247).JPG","Pepper,_bell___Bacterial_spot","Pepper,_bell___Bacterial_spot",1,0.9684025645256042,0.04426765441894531,0.880279541015625,0.7499337196350098,0.6389353275299072
"plantvillage/PV_root/Plant_leave_diseases_dataset_without_augmentation/Pepper,_bell___healthy/image (316).JPG","Pepper,_bell___healthy","Pepper,_bell___healthy",1,0.9682697653770447,0.1537647247314453,0.7936859130859375,0.8469919562339783,0.4648812711238861
"plantvillage/PV_root/Plant_leave_diseases_dataset_without_augmentation/Pepper,_bell___healthy/image (839).JPG","Pepper,_bell___healthy","Pepper,_bell___healthy",1,0.968231737613678,0.5170968770980835,0.6881866455078125,0.5916933417320251,0.541538417339325
"plantvillage/PV_root/Plant_leave_diseases_dataset_without_augmentation/Pepper,_bell___healthy/image (712).JPG","Pepper,_bell___healthy","Pepper,_bell___healthy",1,0.9686539173126221,0.27466338872909546,0.85406494140625,0.8185757398605347,0.6006693840026855
"plantvillage/PV_root/Plant_leave_diseases_dataset_without_augmentation/Pepper,_bell___healthy/image (814).JPG","Pepper,_bell___healthy","Pepper,_bell___healthy",1,0.969162106513977,0.2845669984817505,0.8045196533203125,0.6989806294441223,0.5606489777565002
"plantvillage/PV_root/Plant_leave_diseases_dataset_without_augmentation/Pepper,_bell___healthy/image (876).JPG","Pepper,_bell___healthy","Pepper,_bell___healthy",1,0.9682167768478394,0.4773253798484802,0.757537841796875,0.7896997332572937,0.5504438281059265
"plantvillage/PV_root/Plant_leave_diseases_dataset_without_augmentation/Pepper,_bell___healthy/image (738).JPG","Pepper,_bell___healthy","Pepper,_bell___healthy",1,0.9674568176269531,0.2713848948478699,0.63641357421875,0.6846510767936707,0.7242474555969238
"plantvillage/PV_root/Plant_leave_diseases_dataset_without_augmentation/Pepper,_bell___healthy/image (632).JPG","Pepper,_bell___healthy","Pepper,_bell___healthy",1,0.9682637453079224,0.009772300720214844,0.7358245849609375,0.4339860677719116,0.6217028498649597
"plantvillage/PV_root/Plant_leave_diseases_dataset_without_augmentation/Pepper,_bell___healthy/image (1361).JPG","Pepper,_bell___healthy","Pepper,_bell___healthy",1,0.9687255024909973,0.2576128840446472,0.812530517578125,0.8521143794059753,0.636756420135498
"plantvillage/PV_root/Plant_leave_diseases_dataset_without_augmentation/Pepper,_bell___healthy/image (543).JPG","Pepper,_bell___healthy","Pepper,_bell___healthy",1,0.9690670967102051,0.37404125928878784,0.5528106689453125,0.6903313398361206,0.5358529090881348
"plantvillage/PV_root/Plant_leave_diseases_dataset_without_augmentation/Pepper,_bell___healthy/image (817).JPG","Pepper,_bell___healthy","Pepper,_bell___healthy",1,0.968593180179596,0.4659164547920227,0.6629791259765625,0.6445756554603577,0.5590835809707642
plantvillage/PV_root/Plant_leave_diseases_dataset_without_augmentation/Potato___Early_blight/image (166).JPG,Potato___Early_blight,Potato___Early_blight,1,0.9671035408973694,0.1808091402053833,0.797607421875,0.8007034063339233,0.7761227488517761
plantvillage/PV_root/Plant_leave_diseases_dataset_without_augmentation/Potato___Early_blight/image (274).JPG,Potato___Early_blight,Potato___Early_blight,1,0.967296838760376,0.32617753744125366,0.76800537109375,0.6175249814987183,0.5916470289230347
plantvillage/PV_root/Plant_leave_diseases_dataset_without_augmentation/Potato___Early_blight/image (495).JPG,Potato___Early_blight,Potato___Early_blight,1,0.9685987830162048,0.011110246181488037,0.8269805908203125,0.7781874537467957,0.7263721227645874
plantvillage/PV_root/Plant_leave_diseases_dataset_without_augmentation/Potato___Early_blight/image (125).JPG,Potato___Early_blight,Potato___Early_blight,1,0.967839241027832,0.08735346794128418,0.8144683837890625,0.7790272235870361,0.7577010989189148
plantvillage/PV_root/Plant_leave_diseases_dataset_without_augmentation/Potato___Early_blight/image (184).JPG,Potato___Early_blight,Potato___Early_blight,1,0.9677406549453735,0.05730408430099487,0.8760833740234375,0.5730026960372925,0.7561275959014893
plantvillage/PV_root/Plant_leave_diseases_dataset_without_augmentation/Potato___Early_blight/image (906).JPG,Potato___Early_blight,Potato___Early_blight,1,0.9678375124931335,0.3174031376838684,0.7474822998046875,0.8106233477592468,0.5760607719421387
plantvillage/PV_root/Plant_leave_diseases_dataset_without_augmentation/Potato___Early_blight/image (521).JPG,Potato___Early_blight,Potato___Early_blight,1,0.9676175117492676,0.029700756072998047,0.8493499755859375,0.8275753259658813,0.8096705079078674
plantvillage/PV_root/Plant_leave_diseases_dataset_without_augmentation/Potato___Early_blight/image (865).JPG,Potato___Early_blight,Potato___Early_blight,1,0.9682953357696533,0.03422129154205322,0.779022216796875,0.7368512153625488,0.7375472784042358
plantvillage/PV_root/Plant_leave_diseases_dataset_without_augmentation/Potato___Early_blight/image (329).JPG,Potato___Early_blight,Potato___Early_blight,1,0.967573881149292,0.2681761384010315,0.7524566650390625,0.828918993473053,0.7959460020065308
plantvillage/PV_root/Plant_leave_diseases_dataset_without_augmentation/Potato___Early_blight/image (189).JPG,Potato___Early_blight,Potato___Early_blight,1,0.9681821465492249,0.3407113552093506,0.637603759765625,0.739822268486023,0.4119272232055664
plantvillage/PV_root/Plant_leave_diseases_dataset_without_augmentation/Potato___Late_blight/image (301).JPG,Potato___Late_blight,Potato___Late_blight,1,0.9685806632041931,0.20832854509353638,0.734161376953125,0.569281280040741,0.42586636543273926
plantvillage/PV_root/Plant_leave_diseases_dataset_without_augmentation/Potato___Late_blight/image (978).JPG,Potato___Late_blight,Potato___Late_blight,1,0.9685069918632507,0.7042457461357117,0.5372161865234375,0.6842145919799805,0.47552961111068726
plantvillage/PV_root/Plant_leave_diseases_dataset_without_augmentation/Potato___Late_blight/image (840).JPG,Potato___Late_blight,Potato___Late_blight,1,0.9691253900527954,0.3002459406852722,0.6089630126953125,0.20482349395751953,0.7671810984611511
plantvillage/PV_root/Plant_leave_diseases_dataset_without_augmentation/Potato___Late_blight/image (242).JPG,Potato___Late_blight,Potato___Late_blight,1,0.9674543738365173,0.17091357707977295,0.71197509765625,0.7662994861602783,0.9617999792098999
plantvillage/PV_root/Plant_leave_diseases_dataset_without_augmentation/Potato___Late_blight/image (835).JPG,Potato___Late_blight,Potato___Late_blight,1,0.9682731032371521,0.6876938343048096,0.6763916015625,0.913825511932373,0.8652763366699219
plantvillage/PV_root/Plant_leave_diseases_dataset_without_augmentation/Potato___Late_blight/image (702).JPG,Potato___Late_blight,Potato___Late_blight,1,0.9674831628799438,0.5632048845291138,0.6027984619140625,0.8932414054870605,0.8422437310218811
plantvillage/PV_root/Plant_leave_diseases_dataset_without_augmentation/Potato___Late_blight/image (663).JPG,Potato___Late_blight,Potato___Late_blight,1,0.9722297191619873,0.12230795621871948,0.8022918701171875,0.7465695142745972,0.6389235258102417
plantvillage/PV_root/Plant_leave_diseases_dataset_without_augmentation/Potato___Late_blight/image (530).JPG,Potato___Late_blight,Potato___Late_blight,1,0.968238890171051,0.29990798234939575,0.69744873046875,0.8362237811088562,0.7140001058578491
plantvillage/PV_root/Plant_leave_diseases_dataset_without_augmentation/Potato___Late_blight/image (465).JPG,Potato___Late_blight,Potato___Late_blight,1,0.9688838720321655,0.6956174373626709,0.540771484375,0.828898012638092,0.7228115200996399
plantvillage/PV_root/Plant_leave_diseases_dataset_without_augmentation/Potato___Late_blight/image (279).JPG,Potato___Late_blight,Potato___Late_blight,1,0.968573272228241,0.343292236328125,0.6327667236328125,0.7499809265136719,0.4611057937145233
plantvillage/PV_root/Plant_leave_diseases_dataset_without_augmentation/Potato___healthy/image (40).JPG,Potato___healthy,Potato___healthy,1,0.9698594212532043,0.1393120288848877,0.71539306640625,0.3295242488384247,0.7334723472595215
plantvillage/PV_root/Plant_leave_diseases_dataset_without_augmentation/Potato___healthy/image (113).JPG,Potato___healthy,Potato___healthy,1,0.971569836139679,0.5278759598731995,0.7315521240234375,0.6498820185661316,0.6812648773193359
plantvillage/PV_root/Plant_leave_diseases_dataset_without_augmentation/Potato___healthy/image (118).JPG,Potato___healthy,Potato___healthy,1,0.9705791473388672,0.3241614103317261,0.6102752685546875,0.6614133715629578,0.6355504393577576
plantvillage/PV_root/Plant_leave_diseases_dataset_without_augmentation/Potato___healthy/image (34).JPG,Potato___healthy,Potato___healthy,1,0.9702075123786926,0.39262163639068604,0.6243896484375,0.5824082493782043,0.7236019968986511
plantvillage/PV_root/Plant_leave_diseases_dataset_without_augmentation/Potato___healthy/image (30).JPG,Potato___healthy,Potato___healthy,1,0.9704853892326355,0.30435675382614136,0.5667572021484375,0.49133437871932983,0.637953519821167
plantvillage/PV_root/Plant_leave_diseases_dataset_without_augmentation/Potato___healthy/image (123).JPG,Potato___healthy,Potato___healthy,1,0.9685976505279541,0.1925470232963562,0.564483642578125,0.42873337864875793,0.7458340525627136
plantvillage/PV_root/Plant_leave_diseases_dataset_without_augmentation/Potato___healthy/image (74).JPG,Potato___healthy,Potato___healthy,1,0.9708423614501953,0.26577723026275635,0.735565185546875,0.4212556481361389,0.397330105304718
plantvillage/PV_root/Plant_leave_diseases_dataset_without_augmentation/Potato___healthy/image (143).JPG,Potato___healthy,Potato___healthy,1,0.969732403755188,0.24443113803863525,0.643798828125,0.3506075143814087,0.5650030970573425
plantvillage/PV_root/Plant_leave_diseases_dataset_without_augmentation/Potato___healthy/image (70).JPG,Potato___healthy,Potato___healthy,1,0.9704402685165405,0.22687238454818726,0.65167236328125,0.662990152835846,0.4260772466659546
plantvillage/PV_root/Plant_leave_diseases_dataset_without_augmentation/Potato___healthy/image (151).JPG,Potato___healthy,Potato___healthy,1,0.9703125357627869,0.19236266613006592,0.6545867919921875,0.42715775966644287,0.6852234601974487
plantvillage/PV_root/Plant_leave_diseases_dataset_without_augmentation/Raspberry___healthy/image (39).JPG,Raspberry___healthy,Raspberry___healthy,1,0.9695717692375183,0.513870120048523,0.62451171875,0.7410305738449097,0.8685680627822876
plantvillage/PV_root/Plant_leave_diseases_dataset_without_augmentation/Raspberry___healthy/image (336).JPG,Raspberry___healthy,Raspberry___healthy,1,0.969407856464386,0.36812371015548706,0.6517486572265625,0.8501545190811157,0.7488020658493042
plantvillage/PV_root/Plant_leave_diseases_dataset_without_augmentation/Raspberry___healthy/image (20).JPG,Raspberry___healthy,Raspberry___healthy,1,0.9685163497924805,0.09639596939086914,0.704833984375,0.7698107957839966,0.8642787933349609
plantvillage/PV_root/Plant_leave_diseases_dataset_without_augmentation/Raspberry___healthy/image (297).JPG,Raspberry___healthy,Raspberry___healthy,1,0.9683522582054138,0.08034121990203857,0.768218994140625,0.7126277685165405,0.8176331520080566
plantvillage/PV_root/Plant_leave_diseases_dataset_without_augmentation/Raspberry___healthy/image (8).JPG,Raspberry___healthy,Raspberry___healthy,1,0.9690444469451904,0.49531078338623047,0.6890869140625,0.7528901100158691,0.7951122522354126
plantvillage/PV_root/Plant_leave_diseases_dataset_without_augmentation/Raspberry___healthy/image (139).JPG,Raspberry___healthy,Raspberry___healthy,1,0.968953549861908,0.48983073234558105,0.6186370849609375,0.8453284502029419,0.860277533531189
plantvillage/PV_root/Plant_leave_diseases_dataset_without_augmentation/Raspberry___healthy/image (221).JPG,Raspberry___healthy,Raspberry___healthy,1,0.9683629870414734,0.3732075095176697,0.6546783447265625,0.6448450088500977,0.8429139256477356
plantvillage/PV_root/Plant_leave_diseases_dataset_without_augmentation/Raspberry___healthy/image (364).JPG,Raspberry___healthy,Raspberry___healthy,1,0.9691479206085205,0.4718121886253357,0.5684356689453125,0.820495069026947,0.8568084239959717
plantvillage/PV_root/Plant_leave_diseases_dataset_without_augmentation/Raspberry___healthy/image (326).JPG,Raspberry___healthy,Raspberry___healthy,1,0.9688782691955566,0.5600340366363525,0.5747528076171875,0.8499178886413574,0.908766508102417
plantvillage/PV_root/Plant_leave_diseases_dataset_without_augmentation/Raspberry___healthy/image (149).JPG,Raspberry___healthy,Raspberry___healthy,1,0.9691259860992432,0.5624675750732422,0.531585693359375,0.8020647764205933,0.8611307740211487
plantvillage/PV_root/Plant_leave_diseases_dataset_without_augmentation/Soybean___healthy/image (5016).JPG,Soybean___healthy,Soybean___healthy,1,0.9667164087295532,0.17248457670211792,0.6963958740234375,0.9663821458816528,0.9635693430900574
plantvillage/PV_root/Plant_leave_diseases_dataset_without_augmentation/Soybean___healthy/image (2540).JPG,Soybean___healthy,Soybean___healthy,1,0.9671469330787659,0.24881625175476074,0.754302978515625,0.9664851427078247,0.9669501781463623
plantvillage/PV_root/Plant_leave_diseases_dataset_without_augmentation/Soybean___healthy/image (4672).JPG,Soybean___healthy,Soybean___healthy,1,0.9671634435653687,0.5017600655555725,0.757415771484375,0.9654015302658081,0.9682811498641968
plantvillage/PV_root/Plant_leave_diseases_dataset_without_augmentation/Soybean___healthy/image (1375).JPG,Soybean___healthy,Soybean___healthy,1,0.9674907326698303,0.3610590100288391,0.5733184814453125,0.9667637348175049,0.9670419096946716
plantvillage/PV_root/Plant_leave_diseases_dataset_without_augmentation/Soybean___healthy/image (573).JPG,Soybean___healthy,Soybean___healthy,1,0.9677557945251465,0.2848043441772461,0.745361328125,0.9669375419616699,0.9680933356285095
plantvillage/PV_root/Plant_leave_diseases_dataset_without_augmentation/Soybean___healthy/image (4210).JPG,Soybean___healthy,Soybean___healthy,1,0.966981828212738,0.13698840141296387,0.7114105224609375,0.9680485725402832,0.9677491188049316
plantvillage/PV_root/Plant_leave_diseases_dataset_without_augmentation/Soybean___healthy/image (4411).JPG,Soybean___healthy,Soybean___healthy,1,0.9666574597358704,0.414825975894928,0.7126922607421875,0.9635533690452576,0.9653346538543701
plantvillage/PV_root/Plant_leave_diseases_dataset_without_augmentation/Soybean___healthy/image (4736).JPG,Soybean___healthy,Soybean___healthy,1,0.9675873517990112,0.3421199321746826,0.78155517578125,0.9674946069717407,0.9680019617080688
plantvillage/PV_root/Plant_leave_diseases_dataset_without_augmentation/Soybean___healthy/image (2453).JPG,Soybean___healthy,Soybean___healthy,1,0.9676699638366699,0.2699039578437805,0.8326263427734375,0.9686450958251953,0.9678845405578613
plantvillage/PV_root/Plant_leave_diseases_dataset_without_augmentation/Soybean___healthy/image (2689).JPG,Soybean___healthy,Soybean___healthy,1,0.9665220379829407,0.33107203245162964,0.6545867919921875,0.8446561694145203,0.9445401430130005
plantvillage/PV_root/Plant_leave_diseases_dataset_without_augmentation/Squash___Powdery_mildew/image (38).JPG,Squash___Powdery_mildew,Squash___Powdery_mildew,1,0.9681305289268494,0.30104178190231323,0.5237884521484375,0.8503202795982361,0.7377119064331055
plantvillage/PV_root/Plant_leave_diseases_dataset_without_augmentation/Squash___Powdery_mildew/image (1276).JPG,Squash___Powdery_mildew,Squash___Powdery_mildew,1,0.9676815867424011,0.21081918478012085,0.8319549560546875,0.8427883982658386,0.8973121643066406
plantvillage/PV_root/Plant_leave_diseases_dataset_without_augmentation/Squash___Powdery_mildew/image (1636).JPG,Squash___Powdery_mildew,Squash___Powdery_mildew,1,0.9670271873474121,0.34856122732162476,0.6006317138671875,0.894929051399231,0.9323607087135315
plantvillage/PV_root/Plant_leave_diseases_dataset_without_augmentation/Squash___Powdery_mildew/image (1258).JPG,Squash___Powdery_mildew,Squash___Powdery_mildew,1,0.9683970808982849,0.2050999402999878,0.5901031494140625,0.9133077263832092,0.8131425976753235
plantvillage/PV_root/Plant_leave_diseases_dataset_without_augmentation/Squash___Powdery_mildew/image (273).JPG,Squash___Powdery_mildew,Squash___Powdery_mildew,1,0.9670708775520325,0.322074830532074,0.6861114501953125,0.8943001627922058,0.8780831694602966
plantvillage/PV_root/Plant_leave_diseases_dataset_without_augmentation/Squash___Powdery_mildew/image (1363).JPG,Squash___Powdery_mildew,Squash___Powdery_mildew,1,0.967191219329834,0.20285958051681519,0.63958740234375,0.8842213749885559,0.8491309285163879
plantvillage/PV_root/Plant_leave_diseases_dataset_without_augmentation/Squash___Powdery_mildew/image (776).JPG,Squash___Powdery_mildew,Squash___Powdery_mildew,1,0.9667378067970276,0.07003128528594971,0.7111358642578125,0.9150480628013611,0.9126408696174622
plantvillage/PV_root/Plant_leave_diseases_dataset_without_augmentation/Squash___Powdery_mildew/image (775).JPG,Squash___Powdery_mildew,Squash___Powdery_mildew,1,0.9675500988960266,0.25607627630233765,0.8095855712890625,0.8730446696281433,0.8953543901443481
plantvillage/PV_root/Plant_leave_diseases_dataset_without_augmentation/Squash___Powdery_mildew/image (1434).JPG,Squash___Powdery_mildew,Squash___Powdery_mildew,1,0.964118480682373,0.4940052628517151,0.3494110107421875,0.7827796936035156,0.8226643800735474
plantvillage/PV_root/Plant_leave_diseases_dataset_without_augmentation/Squash___Powdery_mildew/image (833).JPG,Squash___Powdery_mildew,Squash___Powdery_mildew,1,0.967452347278595,0.2574474811553955,0.764892578125,0.838476300239563,0.8555887937545776
plantvillage/PV_root/Plant_leave_diseases_dataset_without_augmentation/Strawberry___Leaf_scorch/image (187).JPG,Strawberry___Leaf_scorch,Strawberry___Leaf_scorch,1,0.9693092703819275,0.780503511428833,0.6284637451171875,0.9673290252685547,0.9665218591690063
plantvillage/PV_root/Plant_leave_diseases_dataset_without_augmentation/Strawberry___Leaf_scorch/image (554).JPG,Strawberry___Leaf_scorch,Strawberry___Leaf_scorch,1,0.9698657989501953,0.7517088055610657,0.562744140625,0.7373895049095154,0.5816212892532349
plantvillage/PV_root/Plant_leave_diseases_dataset_without_augmentation/Strawberry___Leaf_scorch/image (538).JPG,Strawberry___Leaf_scorch,Strawberry___Leaf_scorch,1,0.9690870046615601,0.3627384305000305,0.6219482421875,0.7002245783805847,0.5927497744560242
plantvillage/PV_root/Plant_leave_diseases_dataset_without_augmentation/Strawberry___Leaf_scorch/image (783).JPG,Strawberry___Leaf_scorch,Strawberry___Leaf_scorch,1,0.9683926105499268,0.39331144094467163,0.7078399658203125,0.9667970538139343,0.9672983288764954
plantvillage/PV_root/Plant_leave_diseases_dataset_without_augmentation/Strawberry___Leaf_scorch/image (968).JPG,Strawberry___Leaf_scorch,Strawberry___Leaf_scorch,1,0.9699989557266235,0.8512806296348572,0.622589111328125,0.9664620757102966,0.968831479549408
plantvillage/PV_root/Plant_leave_diseases_dataset_without_augmentation/Strawberry___Leaf_scorch/image (311).JPG,Strawberry___Leaf_scorch,Strawberry___Leaf_scorch,1,0.968596875667572,0.5256538391113281,0.56103515625,0.8910447955131531,0.8865525126457214
plantvillage/PV_root/Plant_leave_diseases_dataset_without_augmentation/Strawberry___Leaf_scorch/image (651).JPG,Strawberry___Leaf_scorch,Strawberry___Leaf_scorch,1,0.9678131937980652,0.543232798576355,0.667083740234375,0.8653432130813599,0.8611639142036438
plantvillage/PV_root/Plant_leave_diseases_dataset_without_augmentation/Strawberry___Leaf_scorch/image (395).JPG,Strawberry___Leaf_scorch,Strawberry___Leaf_scorch,1,0.9678735136985779,0.18558073043823242,0.8375396728515625,0.9314930438995361,0.9407976269721985
plantvillage/PV_root/Plant_leave_diseases_dataset_without_augmentation/Strawberry___Leaf_scorch/image (616).JPG,Strawberry___Leaf_scorch,Strawberry___Leaf_scorch,1,0.968357264995575,0.6575218439102173,0.5584564208984375,0.9579522013664246,0.9636055827140808
plantvillage/PV_root/Plant_leave_diseases_dataset_without_augmentation/Strawberry___Leaf_scorch/image (642).JPG,Strawberry___Leaf_scorch,Strawberry___Leaf_scorch,1,0.9682531356811523,0.8811580538749695,0.6794891357421875,0.9522496461868286,0.944963812828064
plantvillage/PV_root/Plant_leave_diseases_dataset_without_augmentation/Strawberry___healthy/image (362).JPG,Strawberry___healthy,Strawberry___healthy,1,0.9675934910774231,0.17846202850341797,0.80767822265625,0.9664126038551331,0.9659921526908875
plantvillage/PV_root/Plant_leave_diseases_dataset_without_augmentation/Strawberry___healthy/image (215).JPG,Strawberry___healthy,Strawberry___healthy,1,0.9664416313171387,0.6284675598144531,0.715911865234375,0.9617149829864502,0.9520730376243591
plantvillage/PV_root/Plant_leave_diseases_dataset_without_augmentation/Strawberry___healthy/image (20).JPG,Strawberry___healthy,Strawberry___healthy,1,0.9675342440605164,0.5846948027610779,0.651458740234375,0.9584773182868958,0.8558361530303955
plantvillage/PV_root/Plant_leave_diseases_dataset_without_augmentation/Strawberry___healthy/image (413).JPG,Strawberry___healthy,Strawberry___healthy,1,0.9679155945777893,0.6012105941772461,0.6311187744140625,0.8550945520401001,0.8077154755592346
plantvillage/PV_root/Plant_leave_diseases_dataset_without_augmentation/Strawberry___healthy/image (317).JPG,Strawberry___healthy,Strawberry___healthy,1,0.9668297171592712,0.5669734477996826,0.6304473876953125,0.9562936425209045,0.8891352415084839
plantvillage/PV_root/Plant_leave_diseases_dataset_without_augmentation/Strawberry___healthy/image (135).JPG,Strawberry___healthy,Strawberry___healthy,1,0.9675314426422119,0.7227418422698975,0.5339202880859375,0.9643436670303345,0.9584099650382996
plantvillage/PV_root/Plant_leave_diseases_dataset_without_augmentation/Strawberry___healthy/image (363).JPG,Strawberry___healthy,Strawberry___healthy,1,0.9678471684455872,0.6610385179519653,0.64349365234375,0.8036065101623535,0.94712895154953
plantvillage/PV_root/Plant_leave_diseases_dataset_without_augmentation/Strawberry___healthy/image (227).JPG,Strawberry___healthy,Strawberry___healthy,1,0.9670822620391846,0.6198971271514893,0.641571044921875,0.965708315372467,0.9671988487243652
plantvillage/PV_root/Plant_leave_diseases_dataset_without_augmentation/Strawberry___healthy/image (85).JPG,Strawberry___healthy,Strawberry___healthy,1,0.9671344757080078,0.1797562837600708,0.8622589111328125,0.9567136168479919,0.9496081471443176
plantvillage/PV_root/Plant_leave_diseases_dataset_without_augmentation/Strawberry___healthy/image (181).JPG,Strawberry___healthy,Strawberry___healthy,1,0.9676402807235718,0.1834467649459839,0.8040313720703125,0.9530623555183411,0.9674847722053528
plantvillage/PV_root/Plant_leave_diseases_dataset_without_augmentation/Tomato___Bacterial_spot/image (880).JPG,Tomato___Bacterial_spot,Tomato___Bacterial_spot,1,0.9679436087608337,0.11599940061569214,0.7941741943359375,0.7353655099868774,0.5880306959152222
plantvillage/PV_root/Plant_leave_diseases_dataset_without_augmentation/Tomato___Bacterial_spot/image (973).JPG,Tomato___Bacterial_spot,Tomato___Bacterial_spot,1,0.9682460427284241,0.18734073638916016,0.810821533203125,0.5979391932487488,0.5618429780006409
plantvillage/PV_root/Plant_leave_diseases_dataset_without_augmentation/Tomato___Bacterial_spot/image (1601).JPG,Tomato___Bacterial_spot,Tomato___Bacterial_spot,1,0.9685986638069153,0.6762158870697021,0.5995025634765625,0.4833192229270935,0.3214224874973297
plantvillage/PV_root/Plant_leave_diseases_dataset_without_augmentation/Tomato___Bacterial_spot/image (459).JPG,Tomato___Bacterial_spot,Tomato___Bacterial_spot,1,0.9674105048179626,0.21742522716522217,0.676300048828125,0.697809636592865,0.49940386414527893
plantvillage/PV_root/Plant_leave_diseases_dataset_without_augmentation/Tomato___Bacterial_spot/image (624).JPG,Tomato___Bacterial_spot,Tomato___Bacterial_spot,1,0.9698090553283691,0.1817324161529541,0.6965789794921875,0.2680674195289612,0.5355122685432434
plantvillage/PV_root/Plant_leave_diseases_dataset_without_augmentation/Tomato___Bacterial_spot/image (283).JPG,Tomato___Bacterial_spot,Tomato___Bacterial_spot,1,0.9671905636787415,0.04340171813964844,0.708953857421875,0.590672492980957,0.8830114006996155
plantvillage/PV_root/Plant_leave_diseases_dataset_without_augmentation/Tomato___Bacterial_spot/image (1505).JPG,Tomato___Bacterial_spot,Tomato___Bacterial_spot,1,0.9687870740890503,1.0,0.7807464599609375,0.7809165716171265,0.475799560546875
plantvillage/PV_root/Plant_leave_diseases_dataset_without_augmentation/Tomato___Bacterial_spot/image (408).JPG,Tomato___Bacterial_spot,Tomato___Bacterial_spot,1,0.9684581160545349,0.4384363889694214,0.75579833984375,0.6233293414115906,0.5453875064849854
plantvillage/PV_root/Plant_leave_diseases_dataset_without_augmentation/Tomato___Bacterial_spot/image (693).JPG,Tomato___Bacterial_spot,Tomato___Bacterial_spot,1,0.9689177870750427,0.5939260125160217,0.60760498046875,0.5684993863105774,0.23918719589710236
plantvillage/PV_root/Plant_leave_diseases_dataset_without_augmentation/Tomato___Bacterial_spot/image (1937).JPG,Tomato___Bacterial_spot,Tomato___Bacterial_spot,1,0.9672242403030396,0.031690001487731934,0.8276519775390625,0.5946006178855896,0.5901892781257629
plantvillage/PV_root/Plant_leave_diseases_dataset_without_augmentation/Tomato___Early_blight/image (858).JPG,Tomato___Early_blight,Tomato___Early_blight,1,0.9697027802467346,0.0015746355056762695,0.824951171875,0.8007790446281433,0.9289678931236267
plantvillage/PV_root/Plant_leave_diseases_dataset_without_augmentation/Tomato___Early_blight/image (699).JPG,Tomato___Early_blight,Tomato___Early_blight,1,0.9680193662643433,0.1315746307373047,0.8811187744140625,0.9264387488365173,0.9588420391082764
plantvillage/PV_root/Plant_leave_diseases_dataset_without_augmentation/Tomato___Early_blight/image (812).JPG,Tomato___Early_blight,Tomato___Early_blight,1,0.968072772026062,0.1570020318031311,0.8845977783203125,0.9531161785125732,0.9618171453475952
plantvillage/PV_root/Plant_leave_diseases_dataset_without_augmentation/Tomato___Early_blight/image (558).JPG,Tomato___Early_blight,Tomato___Early_blight,1,0.9680670499801636,0.0349087119102478,0.9456329345703125,0.7775130271911621,0.8379490971565247
plantvillage/PV_root/Plant_leave_diseases_dataset_without_augmentation/Tomato___Early_blight/image (488).JPG,Tomato___Early_blight,Tomato___Early_blight,1,0.9668351411819458,0.005154132843017578,0.4371490478515625,0.671201229095459,0.9221728444099426
plantvillage/PV_root/Plant_leave_diseases_dataset_without_augmentation/Tomato___Early_blight/image (667).JPG,Tomato___Early_blight,Tomato___Early_blight,1,0.9668045043945312,0.016721487045288086,0.6071929931640625,0.8351739048957825,0.9247408509254456
plantvillage/PV_root/Plant_leave_diseases_dataset_without_augmentation/Tomato___Early_blight/image (13).JPG,Tomato___Early_blight,Tomato___Early_blight,1,0.9671685695648193,0.7723495960235596,0.449310302734375,0.4842652380466461,0.6014319658279419
plantvillage/PV_root/Plant_leave_diseases_dataset_without_augmentation/Tomato___Early_blight/image (155).JPG,Tomato___Early_blight,Tomato___Early_blight,1,0.9671761393547058,0.015883564949035645,0.6234588623046875,0.6075297594070435,0.9228194355964661
plantvillage/PV_root/Plant_leave_diseases_dataset_without_augmentation/Tomato___Early_blight/image (656).JPG,Tomato___Early_blight,Tomato___Early_blight,1,0.9678372144699097,0.6673344373703003,0.596923828125,0.8927870988845825,0.6667647361755371
plantvillage/PV_root/Plant_leave_diseases_dataset_without_augmentation/Tomato___Early_blight/image (757).JPG,Tomato___Early_blight,Tomato___Early_blight,1,0.9680047035217285,0.01328432559967041,0.8623809814453125,0.8209946751594543,0.7347098588943481
plantvillage/PV_root/Plant_leave_diseases_dataset_without_augmentation/Tomato___Late_blight/image (1565).JPG,Tomato___Late_blight,Tomato___Late_blight,1,0.9674054980278015,0.10197192430496216,0.8332366943359375,0.8692743182182312,0.6363378763198853
plantvillage/PV_root/Plant_leave_diseases_dataset_without_augmentation/Tomato___Late_blight/image (833).JPG,Tomato___Late_blight,Tomato___Late_blight,1,0.9674074649810791,0.8931425213813782,0.3611602783203125,0.9298007488250732,0.9254814982414246
plantvillage/PV_root/Plant_leave_diseases_dataset_without_augmentation/Tomato___Late_blight/image (576).JPG,Tomato___Late_blight,Tomato___Late_blight,1,0.9680064916610718,0.6681278347969055,0.4788818359375,0.8397355675697327,0.6768978238105774
plantvillage/PV_root/Plant_leave_diseases_dataset_without_augmentation/Tomato___Late_blight/image (1441).jpg,Tomato___Late_blight,Tomato___Late_blight,1,0.9669514298439026,0.7151499390602112,0.3328094482421875,0.8346087336540222,0.9009952545166016
plantvillage/PV_root/Plant_leave_diseases_dataset_without_augmentation/Tomato___Late_blight/image (1546).JPG,Tomato___Late_blight,Tomato___Late_blight,1,0.9688961505889893,0.3591775894165039,0.671356201171875,0.8103171586990356,0.6790270805358887
plantvillage/PV_root/Plant_leave_diseases_dataset_without_augmentation/Tomato___Late_blight/image (637).JPG,Tomato___Late_blight,Tomato___Late_blight,1,0.9682848453521729,0.9763824343681335,0.4980621337890625,0.9309014081954956,0.9385496973991394
plantvillage/PV_root/Plant_leave_diseases_dataset_without_augmentation/Tomato___Late_blight/image (432).JPG,Tomato___Late_blight,Tomato___Late_blight,1,0.9671390056610107,0.2991880178451538,0.87347412109375,0.9643765687942505,0.7427335381507874
plantvillage/PV_root/Plant_leave_diseases_dataset_without_augmentation/Tomato___Late_blight/image (606).JPG,Tomato___Late_blight,Tomato___Late_blight,1,0.9673423171043396,0.02154707908630371,0.79217529296875,0.9678866863250732,0.9679225087165833
plantvillage/PV_root/Plant_leave_diseases_dataset_without_augmentation/Tomato___Late_blight/image (1400).jpg,Tomato___Late_blight,Tomato___Late_blight,1,0.9676217436790466,0.4458150863647461,0.1868133544921875,0.8327511548995972,0.8991662859916687
plantvillage/PV_root/Plant_leave_diseases_dataset_without_augmentation/Tomato___Late_blight/image (26).JPG,Tomato___Late_blight,Tomato___Late_blight,1,0.9679943323135376,0.28485679626464844,0.4878082275390625,0.9620510935783386,0.9208318591117859
plantvillage/PV_root/Plant_leave_diseases_dataset_without_augmentation/Tomato___Leaf_Mold/image (707).JPG,Tomato___Leaf_Mold,Tomato___Leaf_Mold,1,0.9677863121032715,1.0,0.5572967529296875,0.842898428440094,0.8846279382705688
plantvillage/PV_root/Plant_leave_diseases_dataset_without_augmentation/Tomato___Leaf_Mold/image (817).JPG,Tomato___Leaf_Mold,Tomato___Leaf_Mold,1,0.967775821685791,1.0,0.5580902099609375,0.6230151057243347,0.6273536682128906
plantvillage/PV_root/Plant_leave_diseases_dataset_without_augmentation/Tomato___Leaf_Mold/image (189).JPG,Tomato___Leaf_Mold,Tomato___Leaf_Mold,1,0.9680715203285217,0.6054739952087402,0.5203094482421875,0.7727877497673035,0.8855569958686829
plantvillage/PV_root/Plant_leave_diseases_dataset_without_augmentation/Tomato___Leaf_Mold/image (642).JPG,Tomato___Leaf_Mold,Tomato___Leaf_Mold,1,0.96724933385849,1.0,0.319244384765625,0.9683316349983215,0.9685743451118469
plantvillage/PV_root/Plant_leave_diseases_dataset_without_augmentation/Tomato___Leaf_Mold/image (860).JPG,Tomato___Leaf_Mold,Tomato___Leaf_Mold,1,0.9672693610191345,0.1945716142654419,0.275054931640625,0.7370347380638123,0.7016904950141907
plantvillage/PV_root/Plant_leave_diseases_dataset_without_augmentation/Tomato___Leaf_Mold/image (835).JPG,Tomato___Leaf_Mold,Tomato___Leaf_Mold,1,0.9667363166809082,0.4579545855522156,0.48095703125,0.9588313102722168,0.9620785713195801
plantvillage/PV_root/Plant_leave_diseases_dataset_without_augmentation/Tomato___Leaf_Mold/image (418).JPG,Tomato___Leaf_Mold,Tomato___Leaf_Mold,1,0.9679644107818604,0.3793720006942749,0.5590972900390625,0.8763936161994934,0.9072216749191284
plantvillage/PV_root/Plant_leave_diseases_dataset_without_augmentation/Tomato___Leaf_Mold/image (808).JPG,Tomato___Leaf_Mold,Tomato___Leaf_Mold,1,0.9676791429519653,0.023366153240203857,0.5892791748046875,0.7776791453361511,0.9522939324378967
plantvillage/PV_root/Plant_leave_diseases_dataset_without_augmentation/Tomato___Leaf_Mold/image (874).JPG,Tomato___Leaf_Mold,Tomato___Leaf_Mold,1,0.9674323797225952,0.9544017314910889,0.4550323486328125,0.7128100991249084,0.5455169677734375
plantvillage/PV_root/Plant_leave_diseases_dataset_without_augmentation/Tomato___Leaf_Mold/image (638).JPG,Tomato___Leaf_Mold,Tomato___Leaf_Mold,1,0.9679614901542664,0.9757280349731445,0.3232879638671875,0.7832383513450623,0.5826691389083862
plantvillage/PV_root/Plant_leave_diseases_dataset_without_augmentation/Tomato___Septoria_leaf_spot/image (1279).JPG,Tomato___Septoria_leaf_spot,Tomato___Septoria_leaf_spot,1,0.9677444100379944,1.0,0.4820709228515625,0.7295530438423157,0.6691303253173828
plantvillage/PV_root/Plant_leave_diseases_dataset_without_augmentation/Tomato___Septoria_leaf_spot/image (1592).JPG,Tomato___Septoria_leaf_spot,Tomato___Septoria_leaf_spot,1,0.9678727984428406,0.1462988257408142,0.6396636962890625,0.7569962739944458,0.7744213342666626
plantvillage/PV_root/Plant_leave_diseases_dataset_without_augmentation/Tomato___Septoria_leaf_spot/image (1167).JPG,Tomato___Septoria_leaf_spot,Tomato___Septoria_leaf_spot,1,0.968847393989563,1.0,0.5992279052734375,0.5131396651268005,0.717790961265564
plantvillage/PV_root/Plant_leave_diseases_dataset_without_augmentation/Tomato___Septoria_leaf_spot/image (1548).JPG,Tomato___Septoria_leaf_spot,Tomato___Septoria_leaf_spot,1,0.967972457408905,0.05855870246887207,0.824554443359375,0.3571990728378296,0.2787322402000427
plantvillage/PV_root/Plant_leave_diseases_dataset_without_augmentation/Tomato___Septoria_leaf_spot/image (420).JPG,Tomato___Septoria_leaf_spot,Tomato___Septoria_leaf_spot,1,0.9672571420669556,0.06227266788482666,0.5815277099609375,0.7895011901855469,0.7996852397918701
plantvillage/PV_root/Plant_leave_diseases_dataset_without_augmentation/Tomato___Septoria_leaf_spot/image (150).JPG,Tomato___Septoria_leaf_spot,Tomato___Septoria_leaf_spot,1,0.9679909944534302,1.0,0.7312774658203125,0.43499770760536194,0.4989679753780365
plantvillage/PV_root/Plant_leave_diseases_dataset_without_augmentation/Tomato___Septoria_leaf_spot/image (1713).JPG,Tomato___Septoria_leaf_spot,Tomato___Septoria_leaf_spot,1,0.9673595428466797,1.0,0.52069091796875,0.37870529294013977,0.4421575963497162
plantvillage/PV_root/Plant_leave_diseases_dataset_without_augmentation/Tomato___Septoria_leaf_spot/image (1055).JPG,Tomato___Septoria_leaf_spot,Tomato___Septoria_leaf_spot,1,0.9675605893135071,0.6117571592330933,0.51422119140625,0.6394175291061401,0.417093425989151
plantvillage/PV_root/Plant_leave_diseases_dataset_without_augmentation/Tomato___Septoria_leaf_spot/image (1655).JPG,Tomato___Septoria_leaf_spot,Tomato___Septoria_leaf_spot,1,0.9675770998001099,0.2096778154373169,0.6358642578125,0.6122317910194397,0.6034818291664124
plantvillage/PV_root/Plant_leave_diseases_dataset_without_augmentation/Tomato___Septoria_leaf_spot/image (1673).JPG,Tomato___Septoria_leaf_spot,Tomato___Septoria_leaf_spot,1,0.967836856842041,1.0,0.7588653564453125,0.7532428503036499,0.6430363059043884
plantvillage/PV_root/Plant_leave_diseases_dataset_without_augmentation/Tomato___Spider_mites Two-spotted_spider_mite/image (1066).JPG,Tomato___Spider_mites Two-spotted_spider_mite,Tomato___Spider_mites Two-spotted_spider_mite,1,0.9692864418029785,0.6570985317230225,0.577880859375,0.8010846376419067,0.5126968026161194
plantvillage/PV_root/Plant_leave_diseases_dataset_without_augmentation/Tomato___Spider_mites Two-spotted_spider_mite/image (1561).JPG,Tomato___Spider_mites Two-spotted_spider_mite,Tomato___Spider_mites Two-spotted_spider_mite,1,0.9674555659294128,0.6228265762329102,0.5003509521484375,0.854901909828186,0.8241009712219238
plantvillage/PV_root/Plant_leave_diseases_dataset_without_augmentation/Tomato___Spider_mites Two-spotted_spider_mite/image (688).JPG,Tomato___Spider_mites Two-spotted_spider_mite,Tomato___Spider_mites Two-spotted_spider_mite,1,0.9679228663444519,0.6189720630645752,0.489654541015625,0.7889487147331238,0.7478240728378296
plantvillage/PV_root/Plant_leave_diseases_dataset_without_augmentation/Tomato___Spider_mites Two-spotted_spider_mite/image (700).JPG,Tomato___Spider_mites Two-spotted_spider_mite,Tomato___Spider_mites Two-spotted_spider_mite,1,0.968448281288147,0.3284531235694885,0.7260589599609375,0.8957583904266357,0.7684583067893982
plantvillage/PV_root/Plant_leave_diseases_dataset_without_augmentation/Tomato___Spider_mites Two-spotted_spider_mite/image (1575).JPG,Tomato___Spider_mites Two-spotted_spider_mite,Tomato___Spider_mites Two-spotted_spider_mite,1,0.9675086736679077,0.5522804260253906,0.6942901611328125,0.789618194103241,0.5153704285621643
plantvillage/PV_root/Plant_leave_diseases_dataset_without_augmentation/Tomato___Spider_mites Two-spotted_spider_mite/image (1390).JPG,Tomato___Spider_mites Two-spotted_spider_mite,Tomato___Spider_mites Two-spotted_spider_mite,1,0.9681828022003174,0.5591910481452942,0.5182342529296875,0.8135157823562622,0.6713471412658691
plantvillage/PV_root/Plant_leave_diseases_dataset_without_augmentation/Tomato___Spider_mites Two-spotted_spider_mite/image (155).JPG,Tomato___Spider_mites Two-spotted_spider_mite,Tomato___Spider_mites Two-spotted_spider_mite,1,0.9682467579841614,0.5664493441581726,0.5844268798828125,0.6958363056182861,0.566941499710083
plantvillage/PV_root/Plant_leave_diseases_dataset_without_augmentation/Tomato___Spider_mites Two-spotted_spider_mite/image (879).JPG,Tomato___Spider_mites Two-spotted_spider_mite,Tomato___Spider_mites Two-spotted_spider_mite,1,0.9677450656890869,0.5251126289367676,0.6138153076171875,0.773501455783844,0.5619480609893799
plantvillage/PV_root/Plant_leave_diseases_dataset_without_augmentation/Tomato___Spider_mites Two-spotted_spider_mite/image (5).JPG,Tomato___Spider_mites Two-spotted_spider_mite,Tomato___Spider_mites Two-spotted_spider_mite,1,0.9670286774635315,0.8171931505203247,0.42047119140625,0.9016304016113281,0.4147578775882721
plantvillage/PV_root/Plant_leave_diseases_dataset_without_augmentation/Tomato___Spider_mites Two-spotted_spider_mite/image (59).JPG,Tomato___Spider_mites Two-spotted_spider_mite,Tomato___Spider_mites Two-spotted_spider_mite,1,0.9677991271018982,0.5371049642562866,0.6627044677734375,0.9425162076950073,0.9411550164222717
plantvillage/PV_root/Plant_leave_diseases_dataset_without_augmentation/Tomato___Target_Spot/image (844).JPG,Tomato___Target_Spot,Tomato___Target_Spot,1,0.9681522846221924,1.0,0.6202545166015625,0.7566908001899719,0.6388487815856934
plantvillage/PV_root/Plant_leave_diseases_dataset_without_augmentation/Tomato___Target_Spot/image (132).JPG,Tomato___Target_Spot,Tomato___Target_Spot,1,0.9669951796531677,0.16058844327926636,0.5999603271484375,0.7857111692428589,0.6973016858100891
plantvillage/PV_root/Plant_leave_diseases_dataset_without_augmentation/Tomato___Target_Spot/image (270).JPG,Tomato___Target_Spot,Tomato___Target_Spot,1,0.9688461422920227,1.0,0.5965118408203125,0.5582254528999329,0.5521129369735718
plantvillage/PV_root/Plant_leave_diseases_dataset_without_augmentation/Tomato___Target_Spot/image (1177).JPG,Tomato___Target_Spot,Tomato___Target_Spot,1,0.9675189256668091,0.6232017278671265,0.63531494140625,0.7390052676200867,0.43415918946266174
plantvillage/PV_root/Plant_leave_diseases_dataset_without_augmentation/Tomato___Target_Spot/image (206).JPG,Tomato___Target_Spot,Tomato___Target_Spot,1,0.967191755771637,0.03983807563781738,0.74029541015625,0.651088535785675,0.7285666465759277
plantvillage/PV_root/Plant_leave_diseases_dataset_without_augmentation/Tomato___Target_Spot/image (861).JPG,Tomato___Target_Spot,Tomato___Target_Spot,1,0.9696336388587952,1.0,0.771240234375,0.5433129072189331,0.5173372030258179
plantvillage/PV_root/Plant_leave_diseases_dataset_without_augmentation/Tomato___Target_Spot/image (1148).JPG,Tomato___Target_Spot,Tomato___Target_Spot,1,0.9675984978675842,1.0,0.6393280029296875,0.6436265110969543,0.5920758843421936
plantvillage/PV_root/Plant_leave_diseases_dataset_without_augmentation/Tomato___Target_Spot/image (674).JPG,Tomato___Target_Spot,Tomato___Target_Spot,1,0.9666371941566467,1.0,0.6086273193359375,0.8689224720001221,0.39471662044525146
plantvillage/PV_root/Plant_leave_diseases_dataset_without_augmentation/Tomato___Target_Spot/image (993).JPG,Tomato___Target_Spot,Tomato___Target_Spot,1,0.9681688547134399,0.15260010957717896,0.7813873291015625,0.46394625306129456,0.6383413076400757
plantvillage/PV_root/Plant_leave_diseases_dataset_without_augmentation/Tomato___Target_Spot/image (780).JPG,Tomato___Target_Spot,Tomato___Target_Spot,1,0.9678455591201782,1.0,0.587982177734375,0.7591935396194458,0.44725146889686584
plantvillage/PV_root/Plant_leave_diseases_dataset_without_augmentation/Tomato___Tomato_Yellow_Leaf_Curl_Virus/image (4502).JPG,Tomato___Tomato_Yellow_Leaf_Curl_Virus,Tomato___Tomato_Yellow_Leaf_Curl_Virus,1,0.9674927592277527,0.029529452323913574,0.745147705078125,0.9675525426864624,0.9665581583976746
plantvillage/PV_root/Plant_leave_diseases_dataset_without_augmentation/Tomato___Tomato_Yellow_Leaf_Curl_Virus/image (5238).JPG,Tomato___Tomato_Yellow_Leaf_Curl_Virus,Tomato___Tomato_Yellow_Leaf_Curl_Virus,1,0.9679003953933716,0.3454251289367676,0.5618438720703125,0.9675866961479187,0.9680147767066956
plantvillage/PV_root/Plant_leave_diseases_dataset_without_augmentation/Tomato___Tomato_Yellow_Leaf_Curl_Virus/image (911).JPG,Tomato___Tomato_Yellow_Leaf_Curl_Virus,Tomato___Tomato_Yellow_Leaf_Curl_Virus,1,0.9671552181243896,0.19159561395645142,0.6621551513671875,0.9678776860237122,0.9672392010688782
plantvillage/PV_root/Plant_leave_diseases_dataset_without_augmentation/Tomato___Tomato_Yellow_Leaf_Curl_Virus/image (2031).JPG,Tomato___Tomato_Yellow_Leaf_Curl_Virus,Tomato___Tomato_Yellow_Leaf_Curl_Virus,1,0.967480480670929,0.04579967260360718,0.69573974609375,0.967993974685669,0.9676228761672974
plantvillage/PV_root/Plant_leave_diseases_dataset_without_augmentation/Tomato___Tomato_Yellow_Leaf_Curl_Virus/image (44).JPG,Tomato___Tomato_Yellow_Leaf_Curl_Virus,Tomato___Tomato_Yellow_Leaf_Curl_Virus,1,0.9676734209060669,0.31715381145477295,0.8385467529296875,0.9596360325813293,0.9528709650039673
plantvillage/PV_root/Plant_leave_diseases_dataset_without_augmentation/Tomato___Tomato_Yellow_Leaf_Curl_Virus/image (1659).JPG,Tomato___Tomato_Yellow_Leaf_Curl_Virus,Tomato___Tomato_Yellow_Leaf_Curl_Virus,1,0.9681057333946228,0.25737375020980835,0.7396697998046875,0.967909574508667,0.968106210231781
plantvillage/PV_root/Plant_leave_diseases_dataset_without_augmentation/Tomato___Tomato_Yellow_Leaf_Curl_Virus/image (4936).JPG,Tomato___Tomato_Yellow_Leaf_Curl_Virus,Tomato___Tomato_Yellow_Leaf_Curl_Virus,1,0.9674486517906189,0.17148959636688232,0.6585693359375,0.9673994779586792,0.9683141112327576
plantvillage/PV_root/Plant_leave_diseases_dataset_without_augmentation/Tomato___Tomato_Yellow_Leaf_Curl_Virus/image (3080).JPG,Tomato___Tomato_Yellow_Leaf_Curl_Virus,Tomato___Tomato_Yellow_Leaf_Curl_Virus,1,0.9675929546356201,0.0923774242401123,0.6486968994140625,0.9660987854003906,0.965238094329834
plantvillage/PV_root/Plant_leave_diseases_dataset_without_augmentation/Tomato___Tomato_Yellow_Leaf_Curl_Virus/image (1894).JPG,Tomato___Tomato_Yellow_Leaf_Curl_Virus,Tomato___Tomato_Yellow_Leaf_Curl_Virus,1,0.967208743095398,0.08582198619842529,0.6069488525390625,0.967052161693573,0.9686480164527893
plantvillage/PV_root/Plant_leave_diseases_dataset_without_augmentation/Tomato___Tomato_Yellow_Leaf_Curl_Virus/image (4389).JPG,Tomato___Tomato_Yellow_Leaf_Curl_Virus,Tomato___Tomato_Yellow_Leaf_Curl_Virus,1,0.9687146544456482,0.43640077114105225,0.6592254638671875,0.9627869725227356,0.9329259991645813
plantvillage/PV_root/Plant_leave_diseases_dataset_without_augmentation/Tomato___Tomato_mosaic_virus/image (205).JPG,Tomato___Tomato_mosaic_virus,Tomato___Tomato_mosaic_virus,1,0.9690999984741211,0.3762502074241638,0.627716064453125,0.7959551215171814,0.46998000144958496
plantvillage/PV_root/Plant_leave_diseases_dataset_without_augmentation/Tomato___Tomato_mosaic_virus/image (26).JPG,Tomato___Tomato_mosaic_virus,Tomato___Tomato_mosaic_virus,1,0.9680361151695251,0.5287029147148132,0.633697509765625,0.6442940831184387,0.35054564476013184
plantvillage/PV_root/Plant_leave_diseases_dataset_without_augmentation/Tomato___Tomato_mosaic_virus/image (74).JPG,Tomato___Tomato_mosaic_virus,Tomato___Tomato_mosaic_virus,1,0.969795823097229,0.7115790843963623,0.559814453125,0.7389090657234192,0.2526286542415619
plantvillage/PV_root/Plant_leave_diseases_dataset_without_augmentation/Tomato___Tomato_mosaic_virus/image (372).JPG,Tomato___Tomato_mosaic_virus,Tomato___Tomato_mosaic_virus,1,0.96901535987854,0.48407554626464844,0.5346221923828125,0.7681735754013062,0.5637410283088684
plantvillage/PV_root/Plant_leave_diseases_dataset_without_augmentation/Tomato___Tomato_mosaic_virus/image (369).JPG,Tomato___Tomato_mosaic_virus,Tomato___Tomato_mosaic_virus,1,0.9686747193336487,0.39352667331695557,0.31903076171875,0.5483701229095459,0.5390369892120361
plantvillage/PV_root/Plant_leave_diseases_dataset_without_augmentation/Tomato___Tomato_mosaic_virus/image (188).JPG,Tomato___Tomato_mosaic_virus,Tomato___Tomato_mosaic_virus,1,0.9682774543762207,0.1004907488822937,0.37005615234375,0.6148793697357178,0.8958908319473267
plantvillage/PV_root/Plant_leave_diseases_dataset_without_augmentation/Tomato___Tomato_mosaic_virus/image (247).JPG,Tomato___Tomato_mosaic_virus,Tomato___Tomato_mosaic_virus,1,0.966733992099762,0.12624824047088623,0.3937835693359375,0.3580596446990967,0.8502386212348938
plantvillage/PV_root/Plant_leave_diseases_dataset_without_augmentation/Tomato___Tomato_mosaic_virus/image (107).JPG,Tomato___Tomato_mosaic_virus,Tomato___Tomato_mosaic_virus,1,0.9681448340415955,0.805680513381958,0.36688232421875,0.6709040403366089,0.5101591944694519
plantvillage/PV_root/Plant_leave_diseases_dataset_without_augmentation/Tomato___Tomato_mosaic_virus/image (177).JPG,Tomato___Tomato_mosaic_virus,Tomato___Tomato_mosaic_virus,1,0.9679334759712219,0.8628137707710266,0.311004638671875,0.9375105500221252,0.7962584495544434
plantvillage/PV_root/Plant_leave_diseases_dataset_without_augmentation/Tomato___Tomato_mosaic_virus/image (16).JPG,Tomato___Tomato_mosaic_virus,Tomato___Tomato_mosaic_virus,1,0.9697772264480591,0.6234803199768066,0.5359649658203125,0.6090399622917175,0.43768545985221863
plantvillage/PV_root/Plant_leave_diseases_dataset_without_augmentation/Tomato___healthy/image (324).JPG,Tomato___healthy,Tomato___healthy,1,0.9679735898971558,0.41389918327331543,0.7617034912109375,0.6554237604141235,0.7284260392189026
plantvillage/PV_root/Plant_leave_diseases_dataset_without_augmentation/Tomato___healthy/image (2).JPG,Tomato___healthy,Tomato___healthy,1,0.968519389629364,0.5963426828384399,0.7297210693359375,0.7731441259384155,0.654273509979248
plantvillage/PV_root/Plant_leave_diseases_dataset_without_augmentation/Tomato___healthy/image (1201).JPG,Tomato___healthy,Tomato___healthy,1,0.9688355922698975,0.5341188907623291,0.6374053955078125,0.8997256755828857,0.7364895939826965
plantvillage/PV_root/Plant_leave_diseases_dataset_without_augmentation/Tomato___healthy/image (1065).JPG,Tomato___healthy,Tomato___healthy,1,0.9684873223304749,0.5519140362739563,0.60662841796875,0.8768173456192017,0.7630627155303955
plantvillage/PV_root/Plant_leave_diseases_dataset_without_augmentation/Tomato___healthy/image (1138).JPG,Tomato___healthy,Tomato___healthy,1,0.9687566161155701,0.5037256479263306,0.5963897705078125,0.859054446220398,0.607134997844696
plantvillage/PV_root/Plant_leave_diseases_dataset_without_augmentation/Tomato___healthy/image (1492).JPG,Tomato___healthy,Tomato___healthy,1,0.9678626656532288,0.3743164539337158,0.680877685546875,0.8683649897575378,0.5990955829620361
plantvillage/PV_root/Plant_leave_diseases_dataset_without_augmentation/Tomato___healthy/image (1152).JPG,Tomato___healthy,Tomato___healthy,1,0.968993067741394,0.5816694498062134,0.4931488037109375,0.5960744023323059,0.5132420063018799
plantvillage/PV_root/Plant_leave_diseases_dataset_without_augmentation/Tomato___healthy/image (926).JPG,Tomato___healthy,Tomato___healthy,1,0.9687818288803101,0.35116565227508545,0.5688629150390625,0.5398350358009338,0.7790700197219849
plantvillage/PV_root/Plant_leave_diseases_dataset_without_augmentation/Tomato___healthy/image (747).JPG,Tomato___healthy,Tomato___healthy,1,0.9682028293609619,0.3917846083641052,0.464508056640625,0.5206278562545776,0.5703773498535156
plantvillage/PV_root/Plant_leave_diseases_dataset_without_augmentation/Tomato___healthy/image (121).JPG,Tomato___healthy,Tomato___healthy,1,0.968641996383667,0.6800071001052856,0.2627410888671875,0.6069064140319824,0.5082987546920776
plantvillage/PV_root/Plant_leave_diseases_dataset_without_augmentation/Apple___healthy/image (1286).JPG,Apple___healthy,Soybean___healthy,0,0.3711557388305664,0.426200807094574,0.3449859619140625,0.07295669615268707,0.8180469274520874
plantvillage/PV_root/Plant_leave_diseases_dataset_without_augmentation/Corn___Cercospora_leaf_spot Gray_leaf_spot/image (270).JPG,Corn___Cercospora_leaf_spot Gray_leaf_spot,Corn___Northern_Leaf_Blight,0,0.0034348375629633665,0.5656932592391968,0.45086669921875,0.0016042751958593726,0.018948454409837723
plantvillage/PV_root/Plant_leave_diseases_dataset_without_augmentation/Tomato___Spider_mites Two-spotted_spider_mite/image (96).JPG,Tomato___Spider_mites Two-spotted_spider_mite,Tomato___Target_Spot,0,0.2075108140707016,0.07800155878067017,0.482818603515625,0.2356828898191452,0.6890028119087219
plantvillage/PV_root/Plant_leave_diseases_dataset_without_augmentation/Corn___Cercospora_leaf_spot Gray_leaf_spot/image (222).JPG,Corn___Cercospora_leaf_spot Gray_leaf_spot,Corn___Northern_Leaf_Blight,0,0.14263060688972473,0.6781081557273865,0.3551483154296875,0.010505438782274723,0.7338957190513611
plantvillage/PV_root/Plant_leave_diseases_dataset_without_augmentation/Corn___Cercospora_leaf_spot Gray_leaf_spot/image (226).JPG,Corn___Cercospora_leaf_spot Gray_leaf_spot,Corn___Northern_Leaf_Blight,0,0.14453348517417908,0.1922239065170288,0.76971435546875,0.18664605915546417,0.7436336278915405
plantvillage/PV_root/Plant_leave_diseases_dataset_without_augmentation/Corn___Cercospora_leaf_spot Gray_leaf_spot/image (299).JPG,Corn___Cercospora_leaf_spot Gray_leaf_spot,Corn___Northern_Leaf_Blight,0,0.01105633843690157,0.2616840600967407,0.66180419921875,0.0041673569940030575,0.7705219984054565
